LR,Ep_timesteps,Up_timesteps,Batch_Epochs,Eval Episodes,Action_std,Date,Hour,N_Training,T_seconds,Avg_reward,Solved Avg,Avg_length,Total Episodes,Total Timesteps
0.0005,1000,5000,10,40,0.10000000149011612,07/02/2021,20:49:46,5,39.58573603630066,-21.131512305668515,0.0,58.45,460,25206
0.0005,1000,5000,10,40,0.10000000149011612,07/02/2021,20:50:29,10,82.62393951416016,-21.00432123238408,0.0,56.775,909,50508
0.0005,1000,5000,10,40,0.10000000149011612,07/02/2021,20:51:09,15,123.51386213302612,-21.163299110091373,0.0,62.0,1367,75851
0.0005,1000,5000,10,40,0.10000000149011612,07/02/2021,20:51:48,20,162.18786549568176,-21.007962541967462,0.0,57.825,1809,101158
0.0005,1000,5000,10,40,0.10000000149011612,07/02/2021,20:52:30,25,204.28388929367065,-21.12665943192051,0.0,60.725,2230,126699
0.0005,1000,5000,10,40,0.10000000149011612,07/02/2021,20:53:13,30,246.77968192100525,-20.997966832116667,0.0,60.65,2646,152277
0.0005,1000,5000,10,40,0.10000000149011612,07/02/2021,20:53:55,35,289.4282169342041,-21.370959209059322,0.0,69.5,3030,177645
0.0005,1000,5000,10,40,0.10000000149011612,07/02/2021,20:54:38,40,332.46093225479126,-21.23173844489794,0.0,66.775,3412,202968
0.0005,1000,5000,10,40,0.10000000149011612,07/02/2021,20:55:21,45,374.82495760917664,-21.041837310902388,0.0,64.575,3798,228305
0.0005,1000,5000,10,40,0.10000000149011612,07/02/2021,20:56:04,50,418.1406271457672,-21.170244696720182,0.0,67.525,4174,253817
0.0005,1000,5000,10,40,0.10000000149011612,07/02/2021,20:56:53,55,466.60232758522034,-21.248949754149823,0.0,71.15,4519,279500
0.0005,1000,5000,10,40,0.10000000149011612,07/02/2021,20:57:45,60,519.1004762649536,-21.214258819821367,0.0,73.65,4861,304887
0.0005,1000,5000,10,40,0.10000000149011612,07/02/2021,20:58:34,65,568.362485408783,-21.297714550221734,0.0,88.275,5179,330399
0.0005,1000,5000,10,40,0.10000000149011612,07/02/2021,20:59:26,70,620.2243740558624,-21.2737184821382,0.0,77.4,5500,356159
0.0005,1000,5000,10,40,0.10000000149011612,07/02/2021,21:00:11,75,664.8142781257629,-21.204589481081097,0.0,85.25,5800,381654
0.0005,1000,5000,10,40,0.10000000149011612,07/02/2021,21:00:57,80,710.6769354343414,-21.696737864481083,0.0,107.0,6061,407383
0.0005,1000,5000,10,40,0.10000000149011612,07/02/2021,21:01:40,85,753.8338871002197,-21.629529940252375,0.0,106.65,6327,432930
0.0005,1000,5000,10,40,0.10000000149011612,07/02/2021,21:02:29,90,803.0969204902649,-21.536420654536656,0.0,118.05,6574,458537
0.0005,1000,5000,10,40,0.10000000149011612,07/02/2021,21:03:23,95,857.5363118648529,-21.637260938458553,0.0,111.625,6809,484427
0.0005,1000,5000,10,40,0.10000000149011612,07/02/2021,21:04:15,100,909.2014038562775,-21.67469679990254,0.0,137.275,7008,510346
0.0005,1000,5000,10,40,0.10000000149011612,07/02/2021,21:05:02,105,956.5364229679108,-21.529824216020685,0.0,117.125,7197,536392
0.0005,1000,5000,10,40,0.10000000149011612,07/02/2021,21:05:49,110,1002.7724571228027,-21.606049982027564,0.0,119.4,7373,562047
0.0005,1000,5000,10,40,0.10000000149011612,07/02/2021,21:06:39,115,1053.0801584720612,-21.73781139027011,0.0,156.8,7543,587745
0.0005,1000,5000,10,40,0.10000000149011612,07/02/2021,21:07:30,120,1104.4967408180237,-21.69573463208318,0.0,144.275,7709,613504
0.0005,1000,5000,10,40,0.10000000149011612,07/02/2021,21:08:23,125,1156.7389640808105,-21.64659638923487,0.0,151.925,7860,639552
0.0005,1000,5000,10,40,0.10000000149011612,07/02/2021,21:09:14,130,1207.7330465316772,-21.642231876238583,0.0,171.575,8026,666432
0.0005,1000,5000,10,40,0.10000000149011612,07/02/2021,21:10:00,135,1253.862143754959,-21.563437897074845,0.0,154.325,8167,692266
0.0005,1000,5000,10,40,0.10000000149011612,07/02/2021,21:10:54,140,1307.9029388427734,-21.387082248640862,0.0,229.975,8298,718281
0.0005,1000,5000,10,40,0.10000000149011612,07/02/2021,21:11:52,145,1365.6551141738892,-21.75204346052462,0.0,198.75,8423,745329
0.0005,1000,5000,10,40,0.10000000149011612,07/02/2021,21:12:47,150,1421.2045214176178,-21.363254882373,0.0,191.2,8531,773209
0.0005,1000,5000,10,40,0.10000000149011612,07/02/2021,21:13:39,155,1472.8125784397125,-19.75043035492239,0.0,261.2,8622,799716
0.0005,1000,5000,10,40,0.10000000149011612,07/02/2021,21:14:40,160,1533.569937467575,-20.146451995209695,0.0,275.525,8708,827844
0.0005,1000,5000,10,40,0.10000000149011612,07/02/2021,21:15:48,165,1602.027107477188,-16.777737533667974,0.0,472.875,8811,856957
0.0005,1000,5000,10,40,0.10000000149011612,07/02/2021,21:16:51,170,1665.3220086097717,-18.835293753515707,0.0,345.175,8884,884888
0.0005,1000,5000,10,40,0.10000000149011612,07/02/2021,21:18:10,175,1743.650319814682,-15.94767982689045,0.0,417.925,8967,913510
0.0005,1000,5000,10,40,0.10000000149011612,07/02/2021,21:19:18,180,1812.1070485115051,-19.62754519941729,0.0,306.75,9036,942020
0.0005,1000,5000,10,40,0.10000000149011612,07/02/2021,21:20:28,185,1882.1522133350372,-18.314445064557894,0.0,359.575,9107,970231
0.0005,1000,5000,10,40,0.10000000149011612,07/02/2021,21:21:45,190,1959.3873805999756,-14.856490406436766,0.0,434.1,9177,998184
0.0005,1000,5000,10,40,0.10000000149011612,07/02/2021,21:22:55,195,2028.548479795456,-16.220383067487347,0.0,343.425,9242,1027700
0.0005,1000,5000,10,40,0.10000000149011612,07/02/2021,21:24:05,200,2099.0407180786133,-17.209232106726,0.0,310.025,9316,1055599
0.0005,1000,5000,10,40,0.10000000149011612,07/02/2021,21:25:26,205,2179.7982606887817,-16.54714637931506,0.0,375.875,9387,1084299
0.0005,1000,5000,10,40,0.10000000149011612,07/02/2021,21:26:44,210,2258.0705754756927,-16.266013613074968,0.0,402.175,9460,1112738
0.0005,1000,5000,10,40,0.10000000149011612,07/02/2021,21:28:03,215,2337.145974636078,-17.755939057158805,0.0,316.075,9523,1143023
0.0005,1000,5000,10,40,0.10000000149011612,07/02/2021,21:29:27,220,2421.302885532379,-16.04100128903531,0.0,408.875,9587,1173836
0.0005,1000,5000,10,40,0.10000000149011612,07/02/2021,21:30:55,225,2509.042369365692,-12.13104146847304,0.0,545.125,9646,1203434
0.0005,1000,5000,10,40,0.10000000149011612,07/02/2021,21:32:24,230,2597.9243495464325,-12.736833398478652,0.0,522.225,9705,1233349
0.0005,1000,5000,10,40,0.10000000149011612,07/02/2021,21:33:29,235,2663.0728781223297,-14.980927400725538,0.0,441.25,9768,1261429
0.0005,1000,5000,10,40,0.10000000149011612,07/02/2021,21:34:42,240,2736.4971816539764,-13.23576651429426,0.0,538.475,9822,1291426
0.0005,1000,5000,10,40,0.10000000149011612,07/02/2021,21:35:41,245,2795.325152158737,-15.173459007603125,0.0,393.775,9892,1319324
0.0005,1000,5000,10,40,0.10000000149011612,07/02/2021,21:36:47,250,2861.006675004959,-15.293876358086985,0.0,466.45,9961,1348324
0.0005,1000,5000,10,40,0.10000000149011612,07/02/2021,21:37:47,255,2920.9746136665344,-17.077942191035355,0.0,331.725,10016,1376400
0.0005,1000,5000,10,40,0.10000000149011612,07/02/2021,21:38:53,260,2987.1395995616913,-15.166837465440626,0.0,418.15,10065,1407186
0.0005,1000,5000,10,40,0.10000000149011612,07/02/2021,21:39:57,265,3051.501375436783,-14.147017861564743,0.0,522.075,10114,1436273
0.0005,1000,5000,10,40,0.10000000149011612,07/02/2021,21:41:14,270,3128.171943664551,-9.735439639926387,0.0,596.475,10170,1466919
0.0005,1000,5000,10,40,0.10000000149011612,07/02/2021,21:42:28,275,3202.153589963913,-11.351553579789307,0.0,522.85,10226,1498937
0.0005,1000,5000,10,40,0.10000000149011612,07/02/2021,21:43:37,280,3271.1935052871704,-13.154481451945705,0.0,483.1,10294,1529292
0.0005,1000,5000,10,40,0.10000000149011612,07/02/2021,21:44:50,285,3344.5166997909546,-11.733863083588489,0.0,571.775,10341,1560070
0.0005,1000,5000,10,40,0.10000000149011612,07/02/2021,21:46:06,290,3420.534771680832,-10.271763583083793,0.0,658.5,10385,1590883
0.0005,1000,5000,10,40,0.10000000149011612,07/02/2021,21:47:24,295,3497.8028151988983,-8.152567117149236,0.0,658.975,10430,1622150
0.0005,1000,5000,10,40,0.10000000149011612,07/02/2021,21:48:41,300,3575.145330429077,-10.04533933510034,0.0,594.65,10475,1654146
0.0005,1000,5000,10,40,0.10000000149011612,07/02/2021,21:49:47,305,3640.805985689163,-13.025033397154568,0.0,458.2,10531,1685207
0.0005,1000,5000,10,40,0.10000000149011612,07/02/2021,21:51:03,310,3717.3385565280914,-10.387219852027012,0.0,607.025,10592,1716520
0.0005,1000,5000,10,40,0.10000000149011612,07/02/2021,21:52:19,315,3792.7553701400757,-9.424274599241432,0.0,623.875,10646,1747145
0.0005,1000,5000,10,40,0.10000000149011612,07/02/2021,21:53:32,320,3866.3208980560303,-12.388740096762799,0.0,496.525,10695,1778827
0.0005,1000,5000,10,40,0.10000000149011612,07/02/2021,21:54:48,325,3941.928432226181,-6.5259692102680305,0.0,711.125,10743,1810363
0.0005,1000,5000,10,40,0.10000000149011612,07/02/2021,21:56:06,330,4020.059841156006,-6.9101906299285005,0.0,700.625,10791,1840609
0.0005,1000,5000,10,40,0.10000000149011612,07/02/2021,21:57:23,335,4096.882257461548,-9.524631518131333,0.0,611.675,10842,1871643
0.0005,1000,5000,10,40,0.10000000149011612,07/02/2021,21:58:39,340,4173.348897695541,-8.276697640617288,0.0,678.025,10892,1900805
0.0005,1000,5000,10,40,0.10000000149011612,07/02/2021,21:59:54,345,4248.2323842048645,-7.160328145475644,0.0,714.575,10943,1931175
0.0005,1000,5000,10,40,0.10000000149011612,07/02/2021,22:01:09,350,4323.50702381134,-9.47278824573949,0.0,637.925,10981,1961523
0.0005,1000,5000,10,40,0.10000000149011612,07/02/2021,22:02:19,355,4392.783952474594,-11.526011687093673,0.0,505.6,11026,1992196
0.0005,1000,5000,10,40,0.10000000149011612,07/02/2021,22:03:28,360,4462.417804479599,-10.718799705706129,0.0,530.75,11068,2023431
0.0005,1000,5000,10,40,0.10000000149011612,07/02/2021,22:04:41,365,4535.533153533936,-8.086793011598706,0.0,640.125,11115,2054131
0.0005,1000,5000,10,40,0.10000000149011612,07/02/2021,22:05:55,370,4609.4069628715515,-9.232290122389397,0.0,595.525,11164,2084525
0.0005,1000,5000,10,40,0.10000000149011612,07/02/2021,22:07:07,375,4681.416912078857,-10.879522830538665,0.0,563.275,11216,2114942
0.0005,1000,5000,10,40,0.10000000149011612,07/02/2021,22:08:22,380,4756.058726787567,-9.792606313337355,0.0,602.925,11265,2144949
0.0005,1000,5000,10,40,0.10000000149011612,07/02/2021,22:09:36,385,4829.784867048264,-9.245788405684603,0.0,611.25,11314,2175773
0.0005,1000,5000,10,40,0.10000000149011612,07/02/2021,22:10:54,390,4908.248704195023,-4.718991179299957,0.0,798.375,11363,2205685
0.0005,1000,5000,10,40,0.10000000149011612,07/02/2021,22:12:11,395,4985.428993701935,-8.733154050581556,0.0,638.425,11420,2235535
0.0005,1000,5000,10,40,0.10000000149011612,07/02/2021,22:13:27,400,5061.4592390060425,-7.987342949670536,0.0,667.625,11462,2265984
0.0005,1000,5000,10,40,0.10000000149011612,07/02/2021,22:14:41,405,5135.4025182724,-9.13227576227209,0.0,601.85,11508,2297222
0.0005,1000,5000,10,40,0.10000000149011612,07/02/2021,22:15:55,410,5208.737758159637,-8.080479420921582,0.0,641.8,11565,2328583
0.0005,1000,5000,10,40,0.10000000149011612,07/02/2021,22:17:13,415,5286.636531591415,-5.5472478542368595,0.0,774.5,11621,2358410
0.0005,1000,5000,10,40,0.10000000149011612,07/02/2021,22:18:27,420,5361.492325782776,-6.4707514756193705,0.0,710.275,11660,2387964
0.0005,1000,5000,10,40,0.10000000149011612,07/02/2021,22:19:44,425,5438.473279476166,-8.032420626995739,0.0,643.625,11700,2419469
0.0005,1000,5000,10,40,0.10000000149011612,07/02/2021,22:21:05,430,5518.6310794353485,-6.312565570888686,0.0,707.65,11746,2450959
0.0005,1000,5000,10,40,0.10000000149011612,07/02/2021,22:22:19,435,5592.874812602997,-6.935477895457778,0.0,693.7,11792,2480955
0.0005,1000,5000,10,40,0.10000000149011612,07/02/2021,22:23:36,440,5670.398737668991,-5.273551518010311,0.0,759.675,11835,2511545
0.0005,1000,5000,10,40,0.10000000149011612,07/02/2021,22:24:55,445,5748.671017885208,-7.18802254356159,0.0,692.35,11883,2541296
0.0005,1000,5000,10,40,0.10000000149011612,07/02/2021,22:26:12,450,5826.125353574753,-7.409701749315724,0.0,665.175,11927,2571739
0.0005,1000,5000,10,40,0.10000000149011612,07/02/2021,22:27:29,455,5903.241616725922,-7.39415926016059,0.0,672.65,11970,2601529
0.0005,1000,5000,10,40,0.10000000149011612,07/02/2021,22:28:47,460,5981.140897035599,-6.811922763659377,0.0,684.225,12009,2632510
0.0005,1000,5000,10,40,0.10000000149011612,07/02/2021,22:30:05,465,6059.212628364563,-6.333334401894922,0.0,711.05,12051,2663924
0.0005,1000,5000,10,40,0.10000000149011612,07/02/2021,22:31:21,470,6134.925598144531,-4.74896582889882,0.0,778.6,12101,2694139
0.0005,1000,5000,10,40,0.10000000149011612,07/02/2021,22:32:38,475,6211.546989679337,-6.248754536663653,0.0,716.175,12146,2725787
0.0005,1000,5000,10,40,0.10000000149011612,07/02/2021,22:33:57,480,6291.087563753128,-3.4802690112269077,0.0,817.85,12190,2756329
0.0005,1000,5000,10,40,0.10000000149011612,07/02/2021,22:35:12,485,6365.954137802124,-6.206808726167527,0.0,710.65,12227,2787079
0.0005,1000,5000,10,40,0.10000000149011612,07/02/2021,22:36:32,490,6445.925191164017,-5.636152447346325,0.0,736.15,12277,2819377
0.0005,1000,5000,10,40,0.10000000149011612,07/02/2021,22:37:53,495,6527.526529073715,-5.03060220651547,0.0,783.2,12320,2850698
0.0005,1000,5000,10,40,0.10000000149011612,07/02/2021,22:39:07,500,6601.319641828537,-8.805435974946949,0.0,593.7,12369,2880674
0.0005,1000,5000,10,40,0.10000000149011612,07/02/2021,22:40:24,505,6678.51592540741,-8.490976303586198,0.0,651.4,12414,2912048
0.0005,1000,5000,10,40,0.10000000149011612,07/02/2021,22:41:35,510,6748.656273365021,-10.03065576828817,0.0,560.45,12457,2942464
0.0005,1000,5000,10,40,0.10000000149011612,07/02/2021,22:42:52,515,6825.675651550293,-8.646520799173924,0.0,628.275,12510,2972284
0.0005,1000,5000,10,40,0.10000000149011612,07/02/2021,22:44:10,520,6904.408286571503,-6.638345444792,0.0,712.175,12567,3003927
0.0005,1000,5000,10,40,0.10000000149011612,07/02/2021,22:45:31,525,6985.0956082344055,-5.650128449011342,0.0,757.525,12608,3034901
0.0005,1000,5000,10,40,0.10000000149011612,07/02/2021,22:46:51,530,7065.475936889648,-8.044711756978089,0.0,681.6,12655,3066164
0.0005,1000,5000,10,40,0.10000000149011612,07/02/2021,22:48:07,535,7141.2303814888,-10.051778004597992,0.0,637.1,12700,3097049
0.0005,1000,5000,10,40,0.10000000149011612,07/02/2021,22:49:18,540,7212.2754735946655,-6.969907221332088,0.0,683.2,12740,3127278
0.0005,1000,5000,10,40,0.10000000149011612,07/02/2021,22:50:35,545,7289.506634473801,-7.040818156322274,0.0,699.075,12781,3158464
0.0005,1000,5000,10,40,0.10000000149011612,07/02/2021,22:51:50,550,7363.792782306671,-9.297482034539431,0.0,612.025,12833,3190112
0.0005,1000,5000,10,40,0.10000000149011612,07/02/2021,22:53:03,555,7437.207921504974,-8.537206149046824,0.0,621.0,12882,3221346
0.0005,1000,5000,10,40,0.10000000149011612,07/02/2021,22:54:18,560,7512.5051345825195,-9.168809976038052,0.0,619.675,12932,3252220
0.0005,1000,5000,10,40,0.10000000149011612,07/02/2021,22:55:33,565,7587.418592214584,-9.030293147672314,0.0,633.0,12978,3283245
0.0005,1000,5000,10,40,0.10000000149011612,07/02/2021,22:56:54,570,7667.588556289673,-7.611986166372702,0.0,661.125,13026,3314620
0.0005,1000,5000,10,40,0.10000000149011612,07/02/2021,22:58:10,575,7744.466380357742,-6.832513705103999,0.0,706.325,13066,3345945
0.0005,1000,5000,10,40,0.10000000149011612,07/02/2021,22:59:26,580,7820.490030050278,-8.301160873015764,0.0,692.675,13109,3376769
0.0005,1000,5000,10,40,0.10000000149011612,07/02/2021,23:00:40,585,7893.6573367118835,-7.139256609805839,0.0,723.975,13146,3406392
0.0005,1000,5000,10,40,0.10000000149011612,07/02/2021,23:01:55,590,7969.074241161346,-7.99469821727718,0.0,680.725,13191,3436020
0.0005,1000,5000,10,40,0.10000000149011612,07/02/2021,23:03:09,595,8043.293312549591,-8.220058508923668,0.0,664.75,13241,3466356
0.0005,1000,5000,10,40,0.10000000149011612,07/02/2021,23:04:23,600,8117.262794017792,-8.270487956013111,0.0,643.925,13295,3497270
0.0005,1000,5000,10,40,0.10000000149011612,07/02/2021,23:05:41,605,8194.686847925186,-5.015696612490771,0.0,780.7,13337,3528295
0.0005,1000,5000,10,40,0.10000000149011612,07/02/2021,23:06:56,610,8269.794793128967,-8.26127151759114,0.0,674.175,13384,3558716
0.0005,1000,5000,10,40,0.10000000149011612,07/02/2021,23:08:15,615,8349.371908426285,-8.239727249599188,0.0,658.4,13432,3590637
0.0005,1000,5000,10,40,0.10000000149011612,07/02/2021,23:09:34,620,8428.216329813004,-4.381327395946493,0.0,810.8,13475,3622031
0.0005,1000,5000,10,40,0.10000000149011612,07/02/2021,23:10:54,625,8508.23821592331,-6.6052584211143595,0.0,712.0,13523,3653532
0.0005,1000,5000,10,40,0.10000000149011612,07/02/2021,23:12:14,630,8587.569196462631,-4.2925043217711965,0.0,795.45,13571,3684617
0.0005,1000,5000,10,40,0.10000000149011612,07/02/2021,23:13:24,635,8658.024994373322,-9.513593247168135,0.0,572.075,13614,3716008
0.0005,1000,5000,10,40,0.10000000149011612,07/02/2021,23:14:42,640,8736.3785738945,-6.055133421490946,0.0,712.85,13661,3747121
0.0005,1000,5000,10,40,0.10000000149011612,07/02/2021,23:15:52,645,8805.820168733597,-8.374291453142401,0.0,634.125,13700,3777021
0.0005,1000,5000,10,40,0.10000000149011612,07/02/2021,23:17:05,650,8879.25302195549,-8.913898714427004,0.0,603.0,13733,3807259
0.0005,1000,5000,10,40,0.10000000149011612,07/02/2021,23:18:27,655,8960.972578048706,-4.205450801292132,0.0,809.975,13771,3837940
0.0005,1000,5000,10,40,0.10000000149011612,07/02/2021,23:19:43,660,9036.82715177536,-7.316193324445843,0.0,664.225,13810,3868883
0.0005,1000,5000,10,40,0.10000000149011612,07/02/2021,23:21:04,665,9118.083588600159,-6.423227968431857,0.0,713.625,13844,3899918
0.0005,1000,5000,10,40,0.10000000149011612,07/02/2021,23:22:33,670,9207.376295566559,-6.115525429751361,0.0,736.8,13886,3931081
0.0005,1000,5000,10,40,0.10000000149011612,07/02/2021,23:23:53,675,9287.234991550446,-4.3403492918313145,0.0,800.575,13924,3961419
0.0005,1000,5000,10,40,0.10000000149011612,07/02/2021,23:25:08,680,9361.992680549622,-5.772042472799245,0.0,762.5,13966,3991562
0.0005,1000,5000,10,40,0.10000000149011612,07/02/2021,23:26:27,685,9440.859049081802,-3.47230285493958,0.0,830.75,14003,4022007
0.0005,1000,5000,10,40,0.10000000149011612,07/02/2021,23:27:43,690,9516.70773935318,-6.589068456157324,0.0,697.575,14042,4052854
0.0005,1000,5000,10,40,0.10000000149011612,07/02/2021,23:29:04,695,9597.789343357086,-4.28122188712399,0.0,811.2,14079,4083019
0.0005,1000,5000,10,40,0.10000000149011612,07/02/2021,23:30:21,700,9674.849430561066,-4.053434966170895,0.0,801.85,14112,4113463
0.0005,1000,5000,10,40,0.10000000149011612,07/02/2021,23:31:38,705,9752.105543136597,-5.685788108970259,0.0,742.575,14151,4144146
0.0005,1000,5000,10,40,0.10000000149011612,07/02/2021,23:33:01,710,9835.542037963867,-3.9575945088467335,0.0,799.3,14192,4175328
0.0005,1000,5000,10,40,0.10000000149011612,07/02/2021,23:34:26,715,9919.848424196243,-3.4139310551566964,0.0,822.5,14229,4206196
0.0005,1000,5000,10,40,0.10000000149011612,07/02/2021,23:35:43,720,9997.338136672974,-4.889471634788169,0.0,752.375,14268,4236994
0.0005,1000,5000,10,40,0.10000000149011612,07/02/2021,23:37:02,725,10076.48146700859,-3.803973670454589,0.0,794.075,14313,4268541
0.0005,1000,5000,10,40,0.10000000149011612,07/02/2021,23:38:20,730,10154.078884601593,-4.31285676030665,0.0,777.6,14349,4299115
0.0005,1000,5000,10,40,0.10000000149011612,07/02/2021,23:39:35,735,10229.003193378448,-4.408247716221336,0.0,774.725,14388,4330072
0.0005,1000,5000,10,40,0.10000000149011612,07/02/2021,23:40:55,740,10308.726146936417,-0.9643154328259224,0.0,909.275,14427,4361104
0.0005,1000,5000,10,40,0.10000000149011612,07/02/2021,23:42:14,745,10387.750955581665,-2.7964335861184795,0.0,842.35,14464,4391766
0.0005,1000,5000,10,40,0.10000000149011612,07/02/2021,23:43:34,750,10467.642403364182,-4.994762270552578,0.0,751.9,14504,4422678
0.0005,1000,5000,10,40,0.10000000149011612,07/02/2021,23:44:50,755,10543.788596868515,-5.60801903657268,0.0,730.325,14544,4453631
0.0005,1000,5000,10,40,0.10000000149011612,07/02/2021,23:46:06,760,10619.87870502472,-7.252998262953417,0.0,661.325,14587,4483948
0.0005,1000,5000,10,40,0.10000000149011612,07/02/2021,23:47:24,765,10697.793568849564,-3.8698296200896394,0.0,799.55,14628,4515058
0.0005,1000,5000,10,40,0.10000000149011612,07/02/2021,23:48:42,770,10776.412841558456,-6.502985105564709,0.0,681.6,14669,4546195
0.0005,1000,5000,10,40,0.10000000149011612,07/02/2021,23:49:58,775,10852.423662662506,-6.607800756303071,0.0,698.025,14706,4576840
0.0005,1000,5000,10,40,0.10000000149011612,07/02/2021,23:51:15,780,10928.871322154999,-5.100839945026566,0.0,725.925,14743,4607475
0.0005,1000,5000,10,40,0.10000000149011612,07/02/2021,23:52:32,785,11005.930507183075,-3.744635278347458,0.0,748.1,14780,4638240
0.0005,1000,5000,10,40,0.10000000149011612,07/02/2021,23:53:49,790,11082.98764872551,-3.327741302043549,0.0,773.975,14820,4669221
0.0005,1000,5000,10,40,0.10000000149011612,07/02/2021,23:55:05,795,11159.357552051544,-4.487128209662424,0.0,727.6,14858,4700039
0.0005,1000,5000,10,40,0.10000000149011612,07/02/2021,23:56:24,800,11237.58484339714,-2.553688613400356,0.0,797.375,14898,4730968
0.0005,1000,5000,10,40,0.10000000149011612,07/02/2021,23:57:43,805,11317.393954277039,-1.4849077685961363,0.0,839.625,14937,4761719
0.0005,1000,5000,10,40,0.10000000149011612,07/02/2021,23:59:03,810,11397.020849704742,-1.567390449696925,0.0,836.3,14974,4792413
0.0005,1000,5000,10,40,0.10000000149011612,08/02/2021,00:00:20,815,11474.505815267563,-0.5185112176636241,0.0,867.425,15007,4822672
0.0005,1000,5000,10,40,0.10000000149011612,08/02/2021,00:01:44,820,11557.821796417236,-2.282574001975915,0.0,795.35,15051,4853873
0.0005,1000,5000,10,40,0.10000000149011612,08/02/2021,00:02:55,825,11629.253324508667,-5.799524391883768,0.0,651.45,15089,4884398
0.0005,1000,5000,10,40,0.10000000149011612,08/02/2021,00:04:13,830,11706.663518428802,-2.3866626772458273,0.0,792.075,15124,4914707
0.0005,1000,5000,10,40,0.10000000149011612,08/02/2021,00:05:29,835,11783.205529928207,-2.969132964250849,0.0,774.6,15160,4945375
0.0005,1000,5000,10,40,0.10000000149011612,08/02/2021,00:06:49,840,11862.869047403336,-0.9783392941251645,0.0,838.225,15192,4975680
0.0005,1000,5000,10,40,0.10000000149011612,08/02/2021,00:08:07,845,11941.1226272583,-1.7115785126536367,0.0,817.825,15228,5006292
0.0005,1000,5000,10,40,0.10000000149011612,08/02/2021,00:09:26,850,12019.590682268143,-0.3944397994077285,0.0,865.325,15269,5037134
0.0005,1000,5000,10,40,0.10000000149011612,08/02/2021,00:10:41,855,12095.535356760025,-2.8282169420912693,0.0,771.975,15304,5067598
0.0005,1000,5000,10,40,0.10000000149011612,08/02/2021,00:11:58,860,12172.27106332779,-2.244657745734952,0.0,794.925,15340,5098193
0.0005,1000,5000,10,40,0.10000000149011612,08/02/2021,00:13:21,865,12254.86159992218,1.3301563883085994,0.0,930.85,15375,5128566
0.0005,1000,5000,10,40,0.10000000149011612,08/02/2021,00:14:41,870,12334.92287683487,1.4795623058749725,0.0,932.1,15415,5159223
0.0005,1000,5000,10,40,0.10000000149011612,08/02/2021,00:16:02,875,12416.160939455032,-0.25669315650353675,0.0,863.425,15455,5190283
0.0005,1000,5000,10,40,0.10000000149011612,08/02/2021,00:17:23,880,12496.87804722786,-0.5550129360105474,0.0,863.05,15494,5221073
0.0005,1000,5000,10,40,0.10000000149011612,08/02/2021,00:18:45,885,12578.751693725586,-1.2425472897021121,0.0,840.375,15528,5251361
0.0005,1000,5000,10,40,0.10000000149011612,08/02/2021,00:20:05,890,12659.080263137817,-0.4440828443962067,0.0,862.95,15569,5282136
0.0005,1000,5000,10,40,0.10000000149011612,08/02/2021,00:21:31,895,12744.835489749908,0.1030786382943305,0.0,888.5,15607,5312732
0.0005,1000,5000,10,40,0.10000000149011612,08/02/2021,00:22:50,900,12824.48922085762,-0.5419269816388995,0.0,861.725,15642,5343129
0.0005,1000,5000,10,40,0.10000000149011612,08/02/2021,00:24:12,905,12905.571654081345,2.8807885046144603,0.075,905.625,15678,5373715
0.0005,1000,5000,10,40,0.10000000149011612,08/02/2021,00:25:31,910,12985.129875183105,-1.7833938598031835,0.0,823.05,15713,5404004
0.0005,1000,5000,10,40,0.10000000149011612,08/02/2021,00:26:54,915,13067.898126840591,-0.4743532344071424,0.0,862.125,15749,5434382
0.0005,1000,5000,10,40,0.10000000149011612,08/02/2021,00:28:14,920,13147.630609035492,-0.6320436853047413,0.0,863.5,15785,5464928
0.0005,1000,5000,10,40,0.10000000149011612,08/02/2021,00:29:31,925,13225.21150302887,-1.1802892973980657,0.0,838.975,15820,5495328
0.0005,1000,5000,10,40,0.10000000149011612,08/02/2021,00:30:49,930,13303.139305353165,-2.982434088607785,0.0,768.75,15854,5525676
0.0005,1000,5000,10,40,0.10000000149011612,08/02/2021,00:32:08,935,13382.248763084412,-0.03919434789920576,0.0,885.725,15894,5556467
0.0005,1000,5000,10,40,0.10000000149011612,08/02/2021,00:33:27,940,13460.688294887543,-0.5077232419866473,0.0,859.975,15928,5586680
0.0005,1000,5000,10,40,0.10000000149011612,08/02/2021,00:34:49,945,13542.826443910599,-2.3512389398314424,0.0,792.875,15964,5617198
0.0005,1000,5000,10,40,0.10000000149011612,08/02/2021,00:36:05,950,13618.596173524857,-1.8368337763087692,0.0,811.925,15998,5647413
0.0005,1000,5000,10,40,0.10000000149011612,08/02/2021,00:37:20,955,13694.418647527695,-5.006768639624973,0.0,721.875,16040,5678254
0.0005,1000,5000,10,40,0.10000000149011612,08/02/2021,00:38:38,960,13771.975311517715,-2.3863715854861627,0.0,796.875,16074,5708470
0.0005,1000,5000,10,40,0.10000000149011612,08/02/2021,00:39:59,965,13852.821382045746,-2.42815883531026,0.0,797.925,16116,5739620
0.0005,1000,5000,10,40,0.10000000149011612,08/02/2021,00:41:19,970,13932.83490395546,-1.9910192806583638,0.0,841.475,16160,5769713
0.0005,1000,5000,10,40,0.10000000149011612,08/02/2021,00:42:42,975,14015.878316640854,-0.6118883013229802,0.0,858.95,16201,5800503
0.0005,1000,5000,10,40,0.10000000149011612,08/02/2021,00:43:58,980,14092.193029165268,-3.079088007985404,0.0,768.175,16240,5831232
0.0005,1000,5000,10,40,0.10000000149011612,08/02/2021,00:45:18,985,14172.527871608734,-3.1720247039151537,0.0,781.025,16289,5862793
0.0005,1000,5000,10,40,0.10000000149011612,08/02/2021,00:46:33,990,14247.21792793274,-7.436564793225251,0.0,619.9,16332,5892784
0.0005,1000,5000,10,40,0.10000000149011612,08/02/2021,00:47:58,995,14332.10553073883,-6.496659656421374,0.0,625.075,16373,5923936
0.0005,1000,5000,10,40,0.10000000149011612,08/02/2021,00:49:19,1000,14413.015203475952,-1.740632692681481,0.0,814.6,16416,5954473
0.0005,1000,5000,10,40,0.10000000149011612,08/02/2021,00:50:37,1005,14490.937376737595,-5.678638107088775,0.0,704.725,16457,5985300
0.0005,1000,5000,10,40,0.10000000149011612,08/02/2021,00:51:57,1010,14570.91876578331,-4.31786601073045,0.0,729.75,16501,6017401
0.0005,1000,5000,10,40,0.10000000149011612,08/02/2021,00:53:17,1015,14651.24052119255,-6.492777142980212,0.0,621.5,16546,6048043
0.0005,1000,5000,10,40,0.10000000149011612,08/02/2021,00:54:35,1020,14729.211530447006,-1.26155290934516,0.0,839.6,16582,6078275
0.0005,1000,5000,10,40,0.10000000149011612,08/02/2021,00:55:51,1025,14805.098210334778,-4.187569711787117,0.0,736.775,16619,6108716
0.0005,1000,5000,10,40,0.10000000149011612,08/02/2021,00:57:14,1030,14887.769792318344,-2.9784139550303808,0.0,762.6,16661,6139371
0.0005,1000,5000,10,40,0.10000000149011612,08/02/2021,00:58:35,1035,14968.72431921959,-0.7266509708946696,0.0,862.175,16702,6170332
0.0005,1000,5000,10,40,0.10000000149011612,08/02/2021,00:59:51,1040,15045.356768369675,-3.027538662966814,0.0,761.6,16742,6200893
0.0005,1000,5000,10,40,0.10000000149011612,08/02/2021,01:01:10,1045,15123.873081207275,-2.8472130826670403,0.0,759.975,16783,6231852
0.0005,1000,5000,10,40,0.10000000149011612,08/02/2021,01:02:29,1050,15203.06634426117,-3.6534720009595127,0.0,747.275,16825,6263502
0.0005,1000,5000,10,40,0.10000000149011612,08/02/2021,01:03:48,1055,15281.764343976974,-1.2366675321977942,0.0,839.425,16867,6294085
0.0005,1000,5000,10,40,0.10000000149011612,08/02/2021,01:05:11,1060,15364.790642261505,-1.8282603372851223,0.0,821.8,16907,6324672
0.0005,1000,5000,10,40,0.10000000149011612,08/02/2021,01:06:29,1065,15443.05910897255,-2.697885068369209,0.0,794.85,16946,6355111
0.0005,1000,5000,10,40,0.10000000149011612,08/02/2021,01:07:45,1070,15518.691937923431,-2.374402146849941,0.0,787.15,16980,6385376
0.0005,1000,5000,10,40,0.10000000149011612,08/02/2021,01:09:07,1075,15600.794659137726,-4.0433267163090765,0.0,716.025,17019,6416311
0.0005,1000,5000,10,40,0.10000000149011612,08/02/2021,01:10:30,1080,15683.878453731537,-1.0374062160206372,0.0,839.45,17056,6446721
0.0005,1000,5000,10,40,0.10000000149011612,08/02/2021,01:11:47,1085,15761.05006980896,-4.216027833536306,0.0,721.675,17096,6477294
0.0005,1000,5000,10,40,0.10000000149011612,08/02/2021,01:13:08,1090,15841.611766576767,-0.02072850470295129,0.0,888.325,17133,6507761
0.0005,1000,5000,10,40,0.10000000149011612,08/02/2021,01:14:22,1095,15915.597116708755,-6.0451024370695094,0.0,658.325,17170,6538136
0.0005,1000,5000,10,40,0.10000000149011612,08/02/2021,01:15:42,1100,15996.25226020813,-4.778440545071385,0.0,692.9,17208,6568946
0.0005,1000,5000,10,40,0.10000000149011612,08/02/2021,01:17:01,1105,16075.28584241867,-2.5159765268575596,0.0,798.55,17244,6599414
0.0005,1000,5000,10,40,0.10000000149011612,08/02/2021,01:18:18,1110,16152.229641914368,-1.7550682372365567,0.0,815.075,17277,6629708
0.0005,1000,5000,10,40,0.10000000149011612,08/02/2021,01:19:38,1115,16232.39489364624,-1.092921398618768,0.0,838.85,17312,6660008
0.0005,1000,5000,10,40,0.10000000149011612,08/02/2021,01:20:59,1120,16312.688767433167,-1.775135950338883,0.0,815.95,17344,6690223
0.0005,1000,5000,10,40,0.10000000149011612,08/02/2021,01:22:20,1125,16394.381803512573,-0.46861345637238755,0.0,858.825,17379,6720639
0.0005,1000,5000,10,40,0.10000000149011612,08/02/2021,01:23:41,1130,16474.676176071167,-1.7133194625524648,0.0,813.525,17413,6750930
0.0005,1000,5000,10,40,0.10000000149011612,08/02/2021,01:25:00,1135,16553.693151474,-0.5933997555633591,0.0,864.5,17448,6781206
0.0005,1000,5000,10,40,0.10000000149011612,08/02/2021,01:26:20,1140,16633.801772356033,-2.3506500793415954,0.0,790.25,17481,6811679
0.0005,1000,5000,10,40,0.10000000149011612,08/02/2021,01:27:40,1145,16714.160763263702,-1.243363886656149,0.0,836.725,17515,6841991
0.0005,1000,5000,10,40,0.10000000149011612,08/02/2021,01:29:01,1150,16794.931839227676,1.9884268133858547,0.0,953.05,17549,6872317
0.0005,1000,5000,10,40,0.10000000149011612,08/02/2021,01:30:20,1155,16874.440917491913,-0.5185371782127889,0.0,858.6,17581,6902478
0.0005,1000,5000,10,40,0.10000000149011612,08/02/2021,01:31:44,1160,16958.026076078415,-0.07624413073233316,0.0,887.3,17617,6932803
0.0005,1000,5000,10,40,0.10000000149011612,08/02/2021,01:33:03,1165,17037.38847708702,-1.0443765646796495,0.0,838.375,17653,6963206
0.0005,1000,5000,10,40,0.10000000149011612,08/02/2021,01:34:23,1170,17116.874704122543,0.002036017461942874,0.0,881.6,17691,6993726
0.0005,1000,5000,10,40,0.10000000149011612,08/02/2021,01:35:31,1175,17185.193887233734,21.370179835611115,0.9,539.675,17725,7024036
0.0005,1000,5000,10,40,0.10000000149011612,08/02/2021,01:36:53,1180,17267.518922805786,0.038923097364503015,0.0,882.75,17758,7054172
0.0005,1000,5000,10,40,0.10000000149011612,08/02/2021,01:38:15,1185,17349.01153588295,0.16937711377873677,0.0,882.3,17791,7084375
0.0005,1000,5000,10,40,0.10000000149011612,08/02/2021,01:39:36,1190,17430.388355255127,0.6443984741522697,0.0,904.15,17826,7114574
0.0005,1000,5000,10,40,0.10000000149011612,08/02/2021,01:40:58,1195,17511.67485690117,1.3642390559248807,0.0,929.5,17860,7144730
0.0005,1000,5000,10,40,0.10000000149011612,08/02/2021,01:42:19,1200,17592.96958231926,0.06413353188077127,0.0,882.65,17894,7174974
0.0005,1000,5000,10,40,0.10000000149011612,08/02/2021,01:43:41,1205,17674.635204076767,0.07455077318725226,0.0,884.975,17931,7205423
0.0005,1000,5000,10,40,0.10000000149011612,08/02/2021,01:45:06,1210,17760.478402614594,2.5237853368081615,0.0,976.325,17968,7236041
0.0005,1000,5000,10,40,0.10000000149011612,08/02/2021,01:46:28,1215,17841.961272239685,1.7333662050219942,0.0,955.975,18001,7266277
0.0005,1000,5000,10,40,0.10000000149011612,08/02/2021,01:47:49,1220,17923.375461816788,1.2229768588371057,0.0,928.975,18033,7296417
0.0005,1000,5000,10,40,0.10000000149011612,08/02/2021,01:49:14,1225,18007.69195008278,2.417978217243808,0.0,977.55,18068,7326771
0.0005,1000,5000,10,40,0.10000000149011612,08/02/2021,01:50:37,1230,18090.80152606964,1.8547799881730314,0.025,914.175,18102,7357156
0.0005,1000,5000,10,40,0.10000000149011612,08/02/2021,01:51:58,1235,18171.782102108,-1.16386792347646,0.0,839.0,18138,7387630
0.0005,1000,5000,10,40,0.10000000149011612,08/02/2021,01:53:22,1240,18256.37892985344,0.06040344347153361,0.0,882.1,18173,7417967
0.0005,1000,5000,10,40,0.10000000149011612,08/02/2021,01:54:46,1245,18340.06441092491,1.8825081836142228,0.0,952.725,18207,7448296
0.0005,1000,5000,10,40,0.10000000149011612,08/02/2021,01:56:08,1250,18422.017147302628,-1.857342761253515,0.0,814.575,18240,7478542
0.0005,1000,5000,10,40,0.10000000149011612,08/02/2021,01:57:31,1255,18505.42382454872,0.09345633962698675,0.0,884.0,18274,7508756
0.0005,1000,5000,10,40,0.10000000149011612,08/02/2021,01:58:51,1260,18584.87278342247,1.8713340186712126,0.0,957.15,18304,7538756
0.0005,1000,5000,10,40,0.10000000149011612,08/02/2021,02:00:13,1265,18667.05263400078,-1.058373780236551,0.0,837.6,18336,7568911
0.0005,1000,5000,10,40,0.10000000149011612,08/02/2021,02:01:38,1270,18752.049620628357,-0.04630698282154109,0.0,885.5,18376,7599452
0.0005,1000,5000,10,40,0.10000000149011612,08/02/2021,02:03:03,1275,18836.634438753128,0.5521208300723,0.0,911.475,18412,7629869
0.0005,1000,5000,10,40,0.10000000149011612,08/02/2021,02:04:26,1280,18919.805535316467,0.043373600490187195,0.0,883.3,18442,7659869
0.0005,1000,5000,10,40,0.10000000149011612,08/02/2021,02:05:48,1285,19001.96625685692,0.07354779002768477,0.0,884.375,18476,7690334
0.0005,1000,5000,10,40,0.10000000149011612,08/02/2021,02:07:10,1290,19084.45303463936,2.300181521116353,0.025,873.575,18509,7720573
0.0005,1000,5000,10,40,0.10000000149011612,08/02/2021,02:08:32,1295,19165.890638828278,1.338040583128778,0.0,929.875,18540,7750612
0.0005,1000,5000,10,40,0.10000000149011612,08/02/2021,02:09:39,1300,19232.77718448639,13.448044746665653,0.75,474.7,18572,7780746
0.0005,1000,5000,10,40,0.10000000149011612,08/02/2021,02:11:01,1305,19315.109632253647,-1.1812414140310517,0.0,834.575,18609,7811263
0.0005,1000,5000,10,40,0.10000000149011612,08/02/2021,02:12:14,1310,19387.986806869507,19.857058181387895,0.875,539.325,18639,7841263
0.0005,1000,5000,10,40,0.10000000149011612,08/02/2021,02:13:26,1315,19460.333953619003,21.130325519391807,0.9,553.675,18673,7871721
0.0005,1000,5000,10,40,0.10000000149011612,08/02/2021,02:14:43,1320,19536.653424263,19.133822437664485,0.875,618.4,18710,7902055
0.0005,1000,5000,10,40,0.10000000149011612,08/02/2021,02:16:04,1325,19618.10285282135,-2.388764510600315,0.0,789.4,18744,7932374
0.0005,1000,5000,10,40,0.10000000149011612,08/02/2021,02:17:13,1330,19687.130374908447,22.23325823782161,0.925,508.45,18777,7962186
0.0005,1000,5000,10,40,0.10000000149011612,08/02/2021,02:18:24,1335,19757.55115699768,21.215390626869624,0.9,504.025,18817,7992739
0.0005,1000,5000,10,40,0.10000000149011612,08/02/2021,02:19:48,1340,19842.497797966003,0.058701571100086426,0.0,880.425,18850,8022931
0.0005,1000,5000,10,40,0.10000000149011612,08/02/2021,02:20:53,1345,19907.052520513535,21.407577579039078,0.9,465.1,18885,8053226
0.0005,1000,5000,10,40,0.10000000149011612,08/02/2021,02:22:15,1350,19988.956695079803,1.1828794083245797,0.0,858.975,18917,8083005
0.0005,1000,5000,10,40,0.10000000149011612,08/02/2021,02:23:19,1355,20053.51912498474,16.4474224956483,0.8,401.075,18952,8113389
0.0005,1000,5000,10,40,0.10000000149011612,08/02/2021,02:24:24,1360,20118.05801177025,23.98523906762362,0.95,468.15,18988,8143763
0.0005,1000,5000,10,40,0.10000000149011612,08/02/2021,02:25:29,1365,20183.37513947487,20.447534717691195,0.9,472.15,19021,8173955
0.0005,1000,5000,10,40,0.10000000149011612,08/02/2021,02:26:54,1370,20268.32589316368,0.0672034415305198,0.0,884.9,19055,8204094
0.0005,1000,5000,10,40,0.10000000149011612,08/02/2021,02:28:12,1375,20345.662030935287,10.934147317787952,0.525,600.9,19089,8234471
0.0005,1000,5000,10,40,0.10000000149011612,08/02/2021,02:29:31,1380,20425.349779844284,7.591008353289451,0.325,710.55,19121,8264602
0.0005,1000,5000,10,40,0.10000000149011612,08/02/2021,02:30:39,1385,20493.18394804001,17.966759533879745,0.825,435.2,19153,8294729
0.0005,1000,5000,10,40,0.10000000149011612,08/02/2021,02:31:45,1390,20558.592215299606,12.30665879155401,0.7,393.425,19185,8324895
0.0005,1000,5000,10,40,0.10000000149011612,08/02/2021,02:32:56,1395,20629.79875922203,23.229636176889965,0.95,511.175,19219,8355062
0.0005,1000,5000,10,40,0.10000000149011612,08/02/2021,02:34:02,1400,20695.799913167953,20.871293001905375,0.9,437.2,19258,8385576
0.0005,1000,5000,10,40,0.10000000149011612,08/02/2021,02:35:27,1405,20781.153292894363,7.598120220963248,0.225,820.825,19291,8415741
0.0005,1000,5000,10,40,0.10000000149011612,08/02/2021,02:36:50,1410,20863.91889858246,6.584183311742514,0.175,826.675,19325,8445903
0.0005,1000,5000,10,40,0.10000000149011612,08/02/2021,02:38:10,1415,20943.67804789543,4.625586845014952,0.15,834.0,19355,8475903
0.0005,1000,5000,10,40,0.10000000149011612,08/02/2021,02:39:18,1420,21011.77138209343,21.623190625406668,0.925,499.675,19391,8506166
0.0005,1000,5000,10,40,0.10000000149011612,08/02/2021,02:40:29,1425,21082.588339328766,22.94023663871432,0.95,528.525,19422,8536217
0.0005,1000,5000,10,40,0.10000000149011612,08/02/2021,02:41:51,1430,21165.201961517334,2.909516509854117,0.025,890.25,19452,8566217
0.0005,1000,5000,10,40,0.10000000149011612,08/02/2021,02:42:58,1435,21232.433385849,19.430027546204197,0.875,443.925,19487,8596493
0.0005,1000,5000,10,40,0.10000000149011612,08/02/2021,02:44:02,1440,21295.89263510704,21.15536459013206,0.9,384.375,19523,8626973
0.0005,1000,5000,10,40,0.10000000149011612,08/02/2021,02:45:07,1445,21360.87061047554,20.791037519900364,0.9,426.125,19554,8657045
0.0005,1000,5000,10,40,0.10000000149011612,08/02/2021,02:46:12,1450,21426.443184137344,24.33800059883807,0.975,447.15,19588,8687603
0.0005,1000,5000,10,40,0.10000000149011612,08/02/2021,02:47:18,1455,21492.018889427185,23.638539043691686,0.95,426.375,19618,8717603
0.0005,1000,5000,10,40,0.10000000149011612,08/02/2021,02:48:22,1460,21556.475850343704,21.68723097750516,0.925,433.4,19650,8747774
0.0005,1000,5000,10,40,0.10000000149011612,08/02/2021,02:49:39,1465,21633.069994926453,9.761294389484629,0.425,641.625,19680,8777469
0.0005,1000,5000,10,40,0.10000000149011612,08/02/2021,02:50:45,1470,21698.953174114227,24.34448575184007,0.975,452.925,19712,8807880
0.0005,1000,5000,10,40,0.10000000149011612,08/02/2021,02:51:51,1475,21764.699546813965,22.61030916713765,0.925,459.55,19746,8837810
0.0005,1000,5000,10,40,0.10000000149011612,08/02/2021,02:52:57,1480,21831.059935331345,21.43105401965292,0.925,436.55,19779,8867905
0.0005,1000,5000,10,40,0.10000000149011612,08/02/2021,02:54:02,1485,21896.392409563065,20.585372681041203,0.9,445.975,19810,8897980
0.0005,1000,5000,10,40,0.10000000149011612,08/02/2021,02:55:26,1490,21979.993932724,2.9659723057214133,0.0,929.025,19841,8928038
0.0005,1000,5000,10,40,0.10000000149011612,08/02/2021,02:56:30,1495,22044.401660203934,24.185117850844808,0.975,432.45,19872,8958075
0.0005,1000,5000,10,40,0.10000000149011612,08/02/2021,02:57:33,1500,22106.64432168007,26.1212956949068,1.0,386.25,19905,8988208
0.0005,1000,5000,10,40,0.10000000149011612,08/02/2021,02:58:36,1505,22169.897852897644,23.816901179888674,0.95,400.275,19937,9018325
0.0005,1000,5000,10,40,0.10000000149011612,08/02/2021,02:59:38,1510,22231.943269968033,20.318811268247316,0.875,379.0,19968,9048367
0.0005,1000,5000,10,40,0.10000000149011612,08/02/2021,03:00:39,1515,22293.422362327576,19.693341267386096,0.875,351.6,20001,9077863
0.0005,1000,5000,10,40,0.10000000149011612,08/02/2021,03:01:43,1520,22357.128582000732,23.648480897338402,0.95,400.575,20035,9108082
0.0005,1000,5000,10,40,0.10000000149011612,08/02/2021,03:02:45,1525,22418.6972990036,22.975429866456288,0.925,377.975,20065,9137791
0.0005,1000,5000,10,40,0.10000000149011612,08/02/2021,03:03:47,1530,22480.768390893936,20.05263635711953,0.875,346.9,20096,9167515
0.0005,1000,5000,10,40,0.10000000149011612,08/02/2021,03:04:48,1535,22542.509200811386,22.211883746389237,0.925,339.2,20128,9197679
0.0005,1000,5000,10,40,0.10000000149011612,08/02/2021,03:05:52,1540,22605.76154732704,20.008132600377653,0.875,318.25,20162,9227852
0.0005,1000,5000,10,40,0.10000000149011612,08/02/2021,03:06:53,1545,22667.24168753624,19.97934338254655,0.875,328.95,20194,9257905
0.0005,1000,5000,10,40,0.10000000149011612,08/02/2021,03:07:54,1550,22727.57821249962,25.29306720786203,0.975,356.725,20224,9287581
0.0005,1000,5000,10,40,0.10000000149011612,08/02/2021,03:08:54,1555,22788.49107170105,24.550448127805705,0.975,353.0,20256,9317570
0.0005,1000,5000,10,40,0.10000000149011612,08/02/2021,03:09:56,1560,22850.48748064041,24.29942772480866,0.975,357.325,20288,9348063
0.0005,1000,5000,10,40,0.10000000149011612,08/02/2021,03:10:59,1565,22912.66874051094,24.041163774158882,0.975,359.95,20320,9378649
0.0005,1000,5000,10,40,0.10000000149011612,08/02/2021,03:11:58,1570,22971.67044043541,25.165085926506737,0.975,344.1,20351,9408136
0.0005,1000,5000,10,40,0.10000000149011612,08/02/2021,03:13:00,1575,23033.664155244827,24.00555540954189,0.95,344.375,20383,9438066
0.0005,1000,5000,10,40,0.10000000149011612,08/02/2021,03:14:02,1580,23096.310824632645,24.42505711298229,0.95,342.2,20418,9469023
0.0005,1000,5000,10,40,0.10000000149011612,08/02/2021,03:15:05,1585,23159.48872900009,21.58890162796512,0.9,341.625,20450,9499340
0.0005,1000,5000,10,40,0.10000000149011612,08/02/2021,03:16:05,1590,23219.12496638298,23.617327868809507,0.95,319.775,20482,9528789
0.0005,1000,5000,10,40,0.10000000149011612,08/02/2021,03:17:09,1595,23283.09089899063,23.600150119038435,0.95,309.75,20514,9558477
0.0005,1000,5000,10,40,0.10000000149011612,08/02/2021,03:18:12,1600,23346.094918489456,22.993583995902036,0.925,323.175,20547,9588535
0.0005,1000,5000,10,40,0.10000000149011612,08/02/2021,03:19:14,1605,23407.552623271942,24.376755840179335,0.95,311.025,20579,9618773
0.0005,1000,5000,10,40,0.10000000149011612,08/02/2021,03:20:15,1610,23469.037798643112,21.639337501514007,0.9,320.15,20612,9647254
0.0005,1000,5000,10,40,0.10000000149011612,08/02/2021,03:21:16,1615,23529.993027210236,24.515497097515237,0.95,336.8,20644,9676866
0.0005,1000,5000,10,40,0.10000000149011612,08/02/2021,03:22:19,1620,23593.09179711342,25.31808408754599,0.975,346.975,20676,9706982
0.0005,1000,5000,10,40,0.10000000149011612,08/02/2021,03:23:20,1625,23654.340339183807,24.909437231868406,0.975,357.6,20713,9735914
0.0005,1000,5000,10,40,0.10000000149011612,08/02/2021,03:24:23,1630,23717.333822727203,24.876748863341025,0.975,341.3,20748,9766367
0.0005,1000,5000,10,40,0.10000000149011612,08/02/2021,03:25:24,1635,23777.82576727867,22.65119497599278,0.925,333.95,20780,9795215
0.0005,1000,5000,10,40,0.10000000149011612,08/02/2021,03:26:28,1640,23842.374188661575,23.705493126861796,0.95,338.8,20817,9826606
0.0005,1000,5000,10,40,0.10000000149011612,08/02/2021,03:27:31,1645,23905.438759565353,21.74220690207267,0.9,307.025,20853,9856613
0.0005,1000,5000,10,40,0.10000000149011612,08/02/2021,03:28:32,1650,23966.316205263138,22.233101657875682,0.9,303.75,20886,9886409
0.0005,1000,5000,10,40,0.10000000149011612,08/02/2021,03:29:36,1655,24029.547167778015,25.68275591732932,0.975,324.875,20921,9916612
0.0005,1000,5000,10,40,0.10000000149011612,08/02/2021,03:30:37,1660,24090.90017724037,25.199309848525182,0.975,332.65,20958,9945745
0.0005,1000,5000,10,40,0.10000000149011612,08/02/2021,03:31:41,1665,24155.121902942657,20.991535148601432,0.9,305.7,20996,9975776
0.0005,1000,5000,10,40,0.10000000149011612,08/02/2021,03:32:44,1670,24217.983987808228,25.218227001839686,0.975,311.4,21029,10006143
0.0005,1000,5000,10,40,0.10000000149011612,08/02/2021,03:33:47,1675,24281.133267879486,26.7947732856149,1.0,330.225,21064,10036923
0.0005,1000,5000,10,40,0.10000000149011612,08/02/2021,03:34:50,1680,24343.935662269592,25.384118417432354,0.975,314.65,21102,10067398
0.0005,1000,5000,10,40,0.10000000149011612,08/02/2021,03:35:53,1685,24406.8804063797,23.251821599335877,0.925,308.975,21142,10097428
0.0005,1000,5000,10,40,0.10000000149011612,08/02/2021,03:36:53,1690,24466.861916542053,22.00586083870007,0.9,293.25,21178,10126479
0.0005,1000,5000,10,40,0.10000000149011612,08/02/2021,03:37:54,1695,24527.86007332802,22.830862714682617,0.925,297.8,21217,10156694
0.0005,1000,5000,10,40,0.10000000149011612,08/02/2021,03:38:56,1700,24590.27204799652,25.65313291842283,0.975,317.975,21253,10185795
0.0005,1000,5000,10,40,0.10000000149011612,08/02/2021,03:39:57,1705,24650.694913625717,25.65156021546064,0.975,325.25,21289,10214924
0.0005,1000,5000,10,40,0.10000000149011612,08/02/2021,03:41:01,1710,24715.307981967926,23.139554190550463,0.925,305.05,21328,10246260
0.0005,1000,5000,10,40,0.10000000149011612,08/02/2021,03:42:05,1715,24779.054627656937,21.606368794558026,0.9,295.15,21364,10275592
0.0005,1000,5000,10,40,0.10000000149011612,08/02/2021,03:43:08,1720,24841.725903987885,23.049926655709022,0.925,294.075,21403,10306221
0.0005,1000,5000,10,40,0.10000000149011612,08/02/2021,03:44:10,1725,24904.53669500351,24.27298145131804,0.95,294.975,21442,10336988
0.0005,1000,5000,10,40,0.10000000149011612,08/02/2021,03:45:12,1730,24966.078257083893,24.005142437259334,0.95,311.15,21479,10365866
0.0005,1000,5000,10,40,0.10000000149011612,08/02/2021,03:46:16,1735,25029.794079065323,23.86689935225681,0.95,308.975,21517,10396547
0.0005,1000,5000,10,40,0.10000000149011612,08/02/2021,03:47:19,1740,25092.946368455887,22.937696897523214,0.925,313.075,21559,10427353
0.0005,1000,5000,10,40,0.10000000149011612,08/02/2021,03:48:22,1745,25155.757482290268,24.054393571798556,0.95,305.225,21597,10457321
0.0005,1000,5000,10,40,0.10000000149011612,08/02/2021,03:49:23,1750,25216.706171274185,25.652719277797907,0.975,315.1,21633,10485270
0.0005,1000,5000,10,40,0.10000000149011612,08/02/2021,03:50:25,1755,25278.963431835175,24.333673623381063,0.95,299.925,21675,10514920
0.0005,1000,5000,10,40,0.10000000149011612,08/02/2021,03:51:26,1760,25339.71511363983,20.564348865021568,0.875,283.8,21716,10544129
0.0005,1000,5000,10,40,0.10000000149011612,08/02/2021,03:52:27,1765,25401.39112472534,26.328647857289166,1.0,330.95,21757,10573185
0.0005,1000,5000,10,40,0.10000000149011612,08/02/2021,03:53:29,1770,25463.324902296066,21.931939780922185,0.9,287.975,21799,10602755
0.0005,1000,5000,10,40,0.10000000149011612,08/02/2021,03:54:29,1775,25522.711409568787,25.30906291182808,0.975,306.625,21841,10631305
0.0005,1000,5000,10,40,0.10000000149011612,08/02/2021,03:55:33,1780,25587.388777256012,24.02066528726643,0.95,289.925,21882,10659474
0.0005,1000,5000,10,40,0.10000000149011612,08/02/2021,03:56:35,1785,25648.75514268875,25.447033145389835,0.975,304.175,21922,10688390
0.0005,1000,5000,10,40,0.10000000149011612,08/02/2021,03:57:38,1790,25711.835334062576,22.13257196470611,0.9,283.475,21967,10717652
0.0005,1000,5000,10,40,0.10000000149011612,08/02/2021,03:58:37,1795,25771.190955638885,23.052386393848785,0.925,295.525,22008,10745841
0.0005,1000,5000,10,40,0.10000000149011612,08/02/2021,03:59:34,1800,25828.433136701584,23.137354731527218,0.925,292.475,22055,10773622
0.0005,1000,5000,10,40,0.10000000149011612,08/02/2021,04:00:34,1805,25887.752878665924,25.624314843641958,0.975,288.4,22098,10802587
0.0005,1000,5000,10,40,0.10000000149011612,08/02/2021,04:01:32,1810,25946.501378059387,25.46130800494098,0.975,315.025,22146,10830423
0.0005,1000,5000,10,40,0.10000000149011612,08/02/2021,04:02:34,1815,26008.40103673935,26.860289719883422,1.0,315.35,22197,10860445
0.0005,1000,5000,10,40,0.10000000149011612,08/02/2021,04:03:33,1820,26067.096048355103,26.748644683535666,1.0,318.6,22244,10888493
0.0005,1000,5000,10,40,0.10000000149011612,08/02/2021,04:04:32,1825,26125.843575000763,24.349074073034892,0.95,290.8,22301,10917818
0.0005,1000,5000,10,40,0.10000000149011612,08/02/2021,04:05:32,1830,26185.659013032913,24.242989966706592,0.95,314.275,22345,10946331
0.0005,1000,5000,10,40,0.10000000149011612,08/02/2021,04:06:32,1835,26246.47417449951,21.75182934824051,0.9,312.7,22398,10975351
0.0005,1000,5000,10,40,0.10000000149011612,08/02/2021,04:07:32,1840,26305.721441984177,22.88767616726823,0.925,310.45,22444,11003228
0.0005,1000,5000,10,40,0.10000000149011612,08/02/2021,04:08:32,1845,26365.605239391327,23.080738937590613,0.925,288.325,22489,11032657
0.0005,1000,5000,10,40,0.10000000149011612,08/02/2021,04:09:30,1850,26424.400980472565,25.55511411632795,0.975,319.075,22533,11060707
0.0005,1000,5000,10,40,0.10000000149011612,08/02/2021,04:10:30,1855,26483.840854406357,25.74651556290322,0.975,320.05,22585,11089275
0.0005,1000,5000,10,40,0.10000000149011612,08/02/2021,04:11:31,1860,26544.672876358032,24.160512634906983,0.95,302.575,22639,11118380
0.0005,1000,5000,10,40,0.10000000149011612,08/02/2021,04:12:30,1865,26604.279328107834,24.445711000973606,0.95,298.725,22692,11147002
0.0005,1000,5000,10,40,0.10000000149011612,08/02/2021,04:13:29,1870,26662.87649488449,24.35094046777135,0.95,310.6,22747,11174982
0.0005,1000,5000,10,40,0.10000000149011612,08/02/2021,04:14:27,1875,26720.906205415726,25.482696219206854,0.975,311.925,22794,11202949
0.0005,1000,5000,10,40,0.10000000149011612,08/02/2021,04:15:25,1880,26779.441475629807,24.542793476533788,0.95,318.475,22845,11231521
0.0005,1000,5000,10,40,0.10000000149011612,08/02/2021,04:16:22,1885,26835.839886665344,25.416141687629043,0.975,319.625,22902,11258510
0.0005,1000,5000,10,40,0.10000000149011612,08/02/2021,04:17:21,1890,26895.47290277481,23.294287498821646,0.925,302.325,22959,11286769
0.0005,1000,5000,10,40,0.10000000149011612,08/02/2021,04:18:24,1895,26957.703379631042,24.45887244684087,0.95,320.425,23006,11315267
0.0005,1000,5000,10,40,0.10000000149011612,08/02/2021,04:19:24,1900,27017.63822364807,24.208933924380695,0.95,302.75,23056,11344286
0.0005,1000,5000,10,40,0.10000000149011612,08/02/2021,04:20:22,1905,27075.710307836533,25.73058211945399,0.975,314.85,23112,11372049
0.0005,1000,5000,10,40,0.10000000149011612,08/02/2021,04:21:24,1910,27138.280924081802,24.35067152281265,0.95,321.575,23159,11400216
0.0005,1000,5000,10,40,0.10000000149011612,08/02/2021,04:22:23,1915,27197.27535367012,25.66883028791786,0.975,327.375,23219,11428468
0.0005,1000,5000,10,40,0.10000000149011612,08/02/2021,04:23:25,1920,27258.612895965576,19.66828069998127,0.85,277.5,23275,11456315
0.0005,1000,5000,10,40,0.10000000149011612,08/02/2021,04:24:24,1925,27317.7954518795,22.243844115726084,0.9,292.125,23329,11484321
0.0005,1000,5000,10,40,0.10000000149011612,08/02/2021,04:25:22,1930,27375.740447044373,25.558253350143325,0.975,296.55,23387,11513178
0.0005,1000,5000,10,40,0.10000000149011612,08/02/2021,04:26:19,1935,27433.295244455338,24.39773377796765,0.95,306.575,23443,11541252
0.0005,1000,5000,10,40,0.10000000149011612,08/02/2021,04:27:15,1940,27489.299132347107,25.590483419987542,0.975,307.15,23505,11568569
0.0005,1000,5000,10,40,0.10000000149011612,08/02/2021,04:28:11,1945,27544.57386279106,23.180978502825965,0.925,285.225,23563,11595500
0.0005,1000,5000,10,40,0.10000000149011612,08/02/2021,04:29:06,1950,27600.22833132744,23.37990362106356,0.925,281.775,23620,11622959
0.0005,1000,5000,10,40,0.10000000149011612,08/02/2021,04:30:02,1955,27655.82641863823,24.42540243519408,0.95,288.725,23681,11650192
0.0005,1000,5000,10,40,0.10000000149011612,08/02/2021,04:30:57,1960,27710.98176550865,25.669443227546953,0.975,300.7,23746,11677119
0.0005,1000,5000,10,40,0.10000000149011612,08/02/2021,04:31:56,1965,27770.066438436508,26.785269702298905,1.0,308.175,23813,11706168
0.0005,1000,5000,10,40,0.10000000149011612,08/02/2021,04:32:53,1970,27826.862876415253,26.74349910749728,1.0,288.875,23866,11733196
0.0005,1000,5000,10,40,0.10000000149011612,08/02/2021,04:33:52,1975,27886.185755968094,22.0126579131682,0.9,290.1,23926,11761587
0.0005,1000,5000,10,40,0.10000000149011612,08/02/2021,04:34:45,1980,27939.05488038063,24.401658189556116,0.95,268.3,23989,11788188
0.0005,1000,5000,10,40,0.10000000149011612,08/02/2021,04:35:41,1985,27995.326045274734,25.630959492895776,0.975,280.35,24054,11816084
0.0005,1000,5000,10,40,0.10000000149011612,08/02/2021,04:36:37,1990,28050.66070985794,24.33013631317348,0.95,281.825,24114,11842737
0.0005,1000,5000,10,40,0.10000000149011612,08/02/2021,04:37:32,1995,28106.33944416046,24.225477227584268,0.95,279.7,24180,11870080
0.0005,1000,5000,10,40,0.10000000149011612,08/02/2021,04:38:28,2000,28162.446036338806,23.24798063629253,0.925,268.025,24248,11898256
