LR,Ep_timesteps,Up_timesteps,Batch_Epochs,Eval Episodes,Action_std,Date,Hour,N_Training,T_seconds,Avg_reward,Solved Avg,Avg_length,Total Episodes,Total Timesteps,ETF
0.0005,1000,5000,10,40,0.10000000149011612,11/02/2021,00:19:43,5,72.22288632392883,-21.008512148106014,0.0,60.325,455,25657,8.004704158504804
0.0005,1000,5000,10,40,0.10000000149011612,11/02/2021,00:20:53,10,142.34762358665466,-21.0301910049284,0.0,53.825,898,51219,7.8686604219675065
0.0005,1000,5000,10,40,0.10000000149011612,11/02/2021,00:22:04,15,213.41919994354248,-21.180022121505505,0.0,65.525,1327,76929,7.84513198154944
0.0005,1000,5000,10,40,0.10000000149011612,11/02/2021,00:23:23,20,291.76476860046387,-21.091355264135167,0.0,71.9,1746,102549,8.023531220886442
0.0005,1000,5000,10,40,0.10000000149011612,11/02/2021,00:24:33,25,362.6184000968933,-21.37775131120238,0.0,63.325,2152,128245,7.957459518180953
0.0005,1000,5000,10,40,0.10000000149011612,11/02/2021,00:25:47,30,436.1871464252472,-21.147726396450093,0.0,68.65,2539,153837,7.956376742455695
0.0005,1000,5000,10,40,0.10000000149011612,11/02/2021,00:27:00,35,508.93736815452576,-21.272839622441175,0.0,66.3,2914,179846,7.936999475889736
0.0005,1000,5000,10,40,0.10000000149011612,11/02/2021,00:28:13,40,581.957038640976,-21.323054364691423,0.0,69.1,3290,206039,7.921081959605217
0.0005,1000,5000,10,40,0.10000000149011612,11/02/2021,00:29:31,45,660.1214385032654,-21.401265964257657,0.0,98.15,3642,232022,7.966280353731579
0.0005,1000,5000,10,40,0.10000000149011612,11/02/2021,00:30:49,50,737.7809045314789,-21.476484791022067,0.0,75.575,3990,258197,7.992626486023267
0.0005,1000,5000,10,40,0.10000000149011612,11/02/2021,00:31:59,55,808.7016305923462,-21.460683296740235,0.0,73.75,4331,284102,7.94406402044224
0.0005,1000,5000,10,40,0.10000000149011612,11/02/2021,00:33:13,60,882.707109451294,-21.288653710827667,0.0,76.425,4650,310069,7.928017608103929
0.0005,1000,5000,10,40,0.10000000149011612,11/02/2021,00:34:26,65,955.0636601448059,-21.172915809968245,0.0,72.575,4960,335951,7.897641831784167
0.0005,1000,5000,10,40,0.10000000149011612,11/02/2021,00:35:42,70,1031.225445985794,-21.261024137987015,0.0,91.275,5278,361813,7.897877437898091
0.0005,1000,5000,10,40,0.10000000149011612,11/02/2021,00:37:04,75,1113.000854730606,-21.57169246641209,0.0,103.225,5580,388096,7.9352839154888075
0.0005,1000,5000,10,40,0.10000000149011612,11/02/2021,00:38:19,80,1188.3669030666351,-21.766948944246728,0.0,106.1,5870,414741,7.922446032762528
0.0005,1000,5000,10,40,0.10000000149011612,11/02/2021,00:39:38,85,1267.0657014846802,-21.779686591296016,0.0,101.925,6143,441131,7.929512498339796
0.0005,1000,5000,10,40,0.10000000149011612,11/02/2021,00:40:54,90,1343.1943366527557,-21.681327298875132,0.0,108.325,6403,467501,7.918213572310813
0.0005,1000,5000,10,40,0.10000000149011612,11/02/2021,00:42:11,95,1420.4418733119965,-21.64354925299218,0.0,108.5,6665,494020,7.912110473987652
0.0005,1000,5000,10,40,0.10000000149011612,11/02/2021,00:43:34,100,1502.823899269104,-21.55105106125611,0.0,146.275,6920,520378,7.931570586628384
0.0005,1000,5000,10,40,0.10000000149011612,11/02/2021,00:45:01,105,1590.204832315445,-21.70393915375145,0.0,118.225,7134,547040,7.972058630645591
0.0005,1000,5000,10,40,0.10000000149011612,11/02/2021,00:46:28,110,1676.806048154831,-21.87594015167229,0.0,156.8,7345,574422,8.002938013136989
0.0005,1000,5000,10,40,0.10000000149011612,11/02/2021,00:47:53,115,1762.2299456596375,-21.643075010052492,0.0,126.35,7554,601598,8.023679869975444
0.0005,1000,5000,10,40,0.10000000149011612,11/02/2021,00:49:18,120,1847.443836927414,-21.97721633211275,0.0,154.225,7734,628010,8.039801907495216
0.0005,1000,5000,10,40,0.10000000149011612,11/02/2021,00:50:43,125,1932.2354490756989,-22.068195654834987,0.0,156.025,7916,655418,8.050981082850033
0.0005,1000,5000,10,40,0.10000000149011612,11/02/2021,00:52:08,130,2017.4833533763885,-22.08943837017834,0.0,163.55,8106,682796,8.061311702249398
0.0005,1000,5000,10,40,0.10000000149011612,11/02/2021,00:53:45,135,2114.302604675293,-22.127698107122008,0.0,194.9,8290,710842,8.113527518209116
0.0005,1000,5000,10,40,0.10000000149011612,11/02/2021,00:55:20,140,2209.2557158470154,-22.231195614826962,0.0,189.4,8448,738129,8.153205625594609
0.0005,1000,5000,10,40,0.10000000149011612,11/02/2021,00:57:00,145,2309.104668855667,-22.357691412249952,0.0,250.525,8601,766509,8.205726372745758
0.0005,1000,5000,10,40,0.10000000149011612,11/02/2021,00:58:50,150,2419.655784368515,-22.215871169085986,0.0,266.925,8739,795236,8.289561513794792
0.0005,1000,5000,10,40,0.10000000149011612,11/02/2021,01:00:42,155,2530.93204164505,-21.814208721039215,0.0,307.175,8878,823260,8.36840433846665
0.0005,1000,5000,10,40,0.10000000149011612,11/02/2021,01:02:25,160,2634.7047855854034,-22.02505861899531,0.0,260.35,9000,852924,8.416418069932195
0.0005,1000,5000,10,40,0.10000000149011612,11/02/2021,01:04:13,165,2742.5954627990723,-21.99966662780225,0.0,281.4,9112,882826,8.472496093485493
0.0005,1000,5000,10,40,0.10000000149011612,11/02/2021,01:06:08,170,2857.125099658966,-22.02894365356931,0.0,334.65,9211,911471,8.54336428795375
0.0005,1000,5000,10,40,0.10000000149011612,11/02/2021,01:08:07,175,2976.4943873882294,-22.17029659987223,0.0,361.85,9319,940902,8.622384560902914
0.0005,1000,5000,10,40,0.10000000149011612,11/02/2021,01:09:52,180,3081.609263420105,-21.915869166184272,0.0,240.3,9431,970791,8.655137155335627
0.0005,1000,5000,10,40,0.10000000149011612,11/02/2021,01:11:42,185,3190.7901306152344,-22.328318118102615,0.0,316.825,9541,1000239,8.695621760720247
0.0005,1000,5000,10,40,0.10000000149011612,11/02/2021,01:13:26,190,3295.4666283130646,-22.10069542124631,0.0,260.825,9649,1028117,8.72045995140982
0.0005,1000,5000,10,40,0.10000000149011612,11/02/2021,01:15:14,195,3403.7279999256134,-22.038711039905277,0.0,280.9,9743,1057175,8.751750820749505
0.0005,1000,5000,10,40,0.10000000149011612,11/02/2021,01:17:05,200,3513.7406854629517,-21.93337547459481,0.0,299.025,9843,1087284,8.784351762003368
0.0005,1000,5000,10,40,0.10000000149011612,11/02/2021,01:19:05,205,3634.091124534607,-22.117627966481546,0.0,347.125,9944,1117280,8.839015695095707
0.0005,1000,5000,10,40,0.10000000149011612,11/02/2021,01:21:04,210,3752.8022112846375,-21.23079966975735,0.0,375.075,10027,1147966,8.885603124792613
0.0005,1000,5000,10,40,0.10000000149011612,11/02/2021,01:23:01,215,3870.3840820789337,-21.40230767757373,0.0,358.3,10103,1178374,8.925885774137438
0.0005,1000,5000,10,40,0.10000000149011612,11/02/2021,01:24:57,220,3986.568790435791,-20.918710897315023,0.0,329.925,10188,1208864,8.9597126969665
0.0005,1000,5000,10,40,0.10000000149011612,11/02/2021,01:27:04,225,4113.454651832581,-21.14774434910016,0.0,369.85,10276,1239869,9.014051882823308
0.0005,1000,5000,10,40,0.10000000149011612,11/02/2021,01:29:10,230,4239.073415994644,-22.005007887666704,0.0,285.325,10350,1271251,9.061787390418099
0.0005,1000,5000,10,40,0.10000000149011612,11/02/2021,01:31:22,235,4370.928445339203,-21.13774555599202,0.0,407.325,10433,1301691,9.119017402240853
0.0005,1000,5000,10,40,0.10000000149011612,11/02/2021,01:33:33,240,4501.923921585083,-20.360060018222587,0.0,330.15,10518,1334213,9.17058578544193
0.0005,1000,5000,10,40,0.10000000149011612,11/02/2021,01:35:43,245,4632.039334058762,-19.98595775193948,0.0,402.775,10592,1365519,9.21681296430072
0.0005,1000,5000,10,40,0.10000000149011612,11/02/2021,01:38:06,250,4775.733753204346,-18.268610400749477,0.0,509.9,10667,1398029,9.286148969531059
0.0005,1000,5000,10,40,0.10000000149011612,11/02/2021,01:40:35,255,4924.381088018417,-16.699317104519178,0.0,527.875,10743,1431045,9.360615471198928
0.0005,1000,5000,10,40,0.10000000149011612,11/02/2021,01:43:12,260,5080.864248752594,-17.51304006245003,0.0,491.8,10804,1469471,9.445196365138406
0.0005,1000,5000,10,40,0.10000000149011612,11/02/2021,01:45:30,265,5218.9868540763855,-18.863947341543984,0.0,439.125,10868,1501054,9.491553665599485
0.0005,1000,5000,10,40,0.10000000149011612,11/02/2021,01:47:57,270,5366.300226211548,-17.18892554376714,0.0,552.9,10932,1536001,9.55113106362859
0.0005,1000,5000,10,40,0.10000000149011612,11/02/2021,01:50:28,275,5517.2721202373505,-13.192887768669195,0.0,610.35,10993,1569341,9.613428709410657
0.0005,1000,5000,10,40,0.10000000149011612,11/02/2021,01:53:11,280,5679.986773252487,-11.525955416174433,0.0,664.05,11057,1606145,9.692040925470607
0.0005,1000,5000,10,40,0.10000000149011612,11/02/2021,01:55:48,285,5836.996387243271,-14.780316984800754,0.0,496.275,11122,1642705,9.756772724596845
0.0005,1000,5000,10,40,0.10000000149011612,11/02/2021,01:58:31,290,6000.094793319702,-14.048430876227542,0.0,559.7,11182,1680147,9.827741488270831
0.0005,1000,5000,10,40,0.10000000149011612,11/02/2021,02:00:57,295,6146.262717723846,-16.280008850404027,0.0,407.375,11238,1715648,9.867587511758346
0.0005,1000,5000,10,40,0.10000000149011612,11/02/2021,02:03:31,300,6300.646222352982,-10.663227457662293,0.0,683.35,11287,1750387,9.917683885671474
0.0005,1000,5000,10,40,0.10000000149011612,11/02/2021,02:06:11,305,6459.853573083878,-10.38913432032601,0.0,675.7,11352,1785488,9.972178332985859
0.0005,1000,5000,10,40,0.10000000149011612,11/02/2021,02:08:37,310,6605.974323511124,-15.126874427869927,0.0,490.45,11409,1821669,10.003670799052845
0.0005,1000,5000,10,40,0.10000000149011612,11/02/2021,02:11:16,315,6765.011952161789,-12.560094670105283,0.0,593.65,11468,1857645,10.052068026238228
0.0005,1000,5000,10,40,0.10000000149011612,11/02/2021,02:13:58,320,6927.534597635269,-12.399516733928442,0.0,604.725,11528,1893788,10.102654624647565
0.0005,1000,5000,10,40,0.10000000149011612,11/02/2021,02:16:31,325,7079.81779551506,-13.070838739272642,0.0,544.625,11589,1931622,10.135636590688655
0.0005,1000,5000,10,40,0.10000000149011612,11/02/2021,02:19:18,330,7246.815560340881,-12.64795396473967,0.0,536.2,11643,1968006,10.187021876972933
0.0005,1000,5000,10,40,0.10000000149011612,11/02/2021,02:22:01,335,7409.83985710144,-13.66879199085371,0.0,546.15,11703,2006900,10.230002825704974
0.0005,1000,5000,10,40,0.10000000149011612,11/02/2021,02:24:47,340,7576.520092010498,-12.076386551191872,0.0,547.0,11763,2044000,10.2753459137795
0.0005,1000,5000,10,40,0.10000000149011612,11/02/2021,02:27:22,345,7730.864685535431,-12.584392204891532,0.0,588.4,11819,2078679,10.301595054562542
0.0005,1000,5000,10,40,0.10000000149011612,11/02/2021,02:30:17,350,7906.035509586334,-10.387255328343011,0.0,650.5,11872,2115712,10.353141750683859
0.0005,1000,5000,10,40,0.10000000149011612,11/02/2021,02:32:58,355,8067.381941080093,-10.204640064800005,0.0,662.7,11935,2152884,10.384071437376951
0.0005,1000,5000,10,40,0.10000000149011612,11/02/2021,02:35:43,360,8232.727342367172,-8.470419594950512,0.0,749.95,11999,2190020,10.417957449982197
0.0005,1000,5000,10,40,0.10000000149011612,11/02/2021,02:38:32,365,8400.782109737396,-10.027732210677538,0.0,696.025,12054,2224895,10.45302799089677
0.0005,1000,5000,10,40,0.10000000149011612,11/02/2021,02:41:09,370,8557.999566078186,-12.116409558325929,0.0,603.6,12111,2262839,10.472627103616883
0.0005,1000,5000,10,40,0.10000000149011612,11/02/2021,02:43:51,375,8720.382402896881,-9.708993556221454,0.0,695.4,12173,2300488,10.49675659775734
0.0005,1000,5000,10,40,0.10000000149011612,11/02/2021,02:46:27,380,8876.022119998932,-10.585536259426982,0.0,600.85,12231,2336979,10.5110788284582
0.0005,1000,5000,10,40,0.10000000149011612,11/02/2021,02:49:17,385,9046.244811296463,-9.07686970458484,0.0,691.65,12291,2377056,10.540898542077338
0.0005,1000,5000,10,40,0.10000000149011612,11/02/2021,02:51:59,390,9207.914885997772,-6.02907365295938,0.0,820.4,12338,2415485,10.55893373892178
0.0005,1000,5000,10,40,0.10000000149011612,11/02/2021,02:54:40,395,9369.563348531723,-5.068480374134367,0.0,857.525,12395,2454107,10.575351039680918
0.0005,1000,5000,10,40,0.10000000149011612,11/02/2021,02:57:35,400,9544.12790632248,-7.877663222902041,0.0,709.925,12457,2492238,10.60458656416999
0.0005,1000,5000,10,40,0.10000000149011612,11/02/2021,03:00:14,405,9702.7587621212,-7.989226601447408,0.0,711.975,12507,2532735,10.614472036736165
0.0005,1000,5000,10,40,0.10000000149011612,11/02/2021,03:03:05,410,9873.852831602097,-8.027419235525532,0.0,726.75,12559,2572681,10.636467490360989
0.0005,1000,5000,10,40,0.10000000149011612,11/02/2021,03:06:01,415,10050.12333059311,-6.674818876210866,0.0,778.025,12613,2613186,10.662279439381807
0.0005,1000,5000,10,40,0.10000000149011612,11/02/2021,03:08:49,420,10217.966131448746,-8.825457711585873,0.0,689.125,12665,2652461,10.677504293060807
0.0005,1000,5000,10,40,0.10000000149011612,11/02/2021,03:11:41,425,10390.16777229309,-6.049214341976537,0.0,800.325,12722,2689588,10.695760943009182
0.0005,1000,5000,10,40,0.10000000149011612,11/02/2021,03:14:27,430,10556.595736980438,-8.443008719785457,0.0,717.7,12784,2728304,10.706624894242262
0.0005,1000,5000,10,40,0.10000000149011612,11/02/2021,03:17:13,435,10722.483669042587,-10.08335801616914,0.0,666.6,12838,2768036,10.715636619365991
0.0005,1000,5000,10,40,0.10000000149011612,11/02/2021,03:19:53,440,10881.849367380142,-9.169615871627613,0.0,734.025,12897,2807401,10.716972871651555
0.0005,1000,5000,10,40,0.10000000149011612,11/02/2021,03:22:36,445,11045.223263502121,-6.492756689231783,0.0,811.625,12947,2846792,10.721174899825591
0.0005,1000,5000,10,40,0.10000000149011612,11/02/2021,03:25:22,450,11211.503407239914,-6.157316533884393,0.0,809.2,12996,2885165,10.727055730216296
0.0005,1000,5000,10,40,0.10000000149011612,11/02/2021,03:28:20,455,11388.964251995087,-6.868834497444963,0.0,728.95,13049,2924343,10.742338078260714
0.0005,1000,5000,10,40,0.10000000149011612,11/02/2021,03:31:06,460,11555.055000782013,-7.580176324669888,0.0,749.25,13108,2964418,10.745642937508183
0.0005,1000,5000,10,40,0.10000000149011612,11/02/2021,03:33:55,465,11723.868366241455,-6.5629495261228925,0.0,755.05,13157,3003838,10.75038108951943
0.0005,1000,5000,10,40,0.10000000149011612,11/02/2021,03:36:44,470,11892.785656452179,-3.7165627221719113,0.0,891.95,13212,3044024,10.754114694619291
0.0005,1000,5000,10,40,0.10000000149011612,11/02/2021,03:39:27,475,12056.178386449814,-4.38271660569462,0.0,859.6,13265,3084349,10.751854995067356
0.0005,1000,5000,10,40,0.10000000149011612,11/02/2021,03:42:10,480,12219.699065446854,-6.801956916283312,0.0,730.65,13318,3124526,10.748809364835422
0.0005,1000,5000,10,40,0.10000000149011612,11/02/2021,03:44:53,485,12382.604194164276,-5.979667405363832,0.0,774.225,13370,3164110,10.744355877941006
0.0005,1000,5000,10,40,0.10000000149011612,11/02/2021,03:47:34,490,12542.94165802002,-4.028477388814416,0.0,864.4,13416,3204706,10.736871828474696
0.0005,1000,5000,10,40,0.10000000149011612,11/02/2021,03:50:19,495,12708.690738677979,-7.0319216111563945,0.0,704.1,13464,3244573,10.733209659799716
0.0005,1000,5000,10,40,0.10000000149011612,11/02/2021,03:53:07,500,12876.263390541077,-5.817945696217756,0.0,771.225,13513,3284501,10.730219493508338
0.0005,1000,5000,10,40,0.10000000149011612,11/02/2021,03:55:48,505,13037.704176187515,-7.387789805852032,0.0,708.325,13565,3322424,10.721324392999755
0.0005,1000,5000,10,40,0.10000000149011612,11/02/2021,03:58:27,510,13196.292130708694,-6.771129393305651,0.0,733.675,13607,3362019,10.70940919374199
0.0005,1000,5000,10,40,0.10000000149011612,11/02/2021,04:01:08,515,13357.303972005844,-9.290713084019597,0.0,614.45,13655,3401406,10.698811434952315
0.0005,1000,5000,10,40,0.10000000149011612,11/02/2021,04:03:49,520,13518.165103197098,-5.923101186938907,0.0,764.2,13710,3439205,10.68743822414651
0.0005,1000,5000,10,40,0.10000000149011612,11/02/2021,04:06:32,525,13681.209891796112,-5.154139308449717,0.0,777.8,13768,3478566,10.677134705047127
0.0005,1000,5000,10,40,0.10000000149011612,11/02/2021,04:09:13,530,13841.742753744125,-9.028887937551136,0.0,617.0,13824,3516069,10.664235795035303
0.0005,1000,5000,10,40,0.10000000149011612,11/02/2021,04:11:59,535,14008.327752828598,-6.617067815050672,0.0,727.1,13876,3556541,10.655347955141485
0.0005,1000,5000,10,40,0.10000000149011612,11/02/2021,04:14:42,540,14171.72031211853,-6.237120123599541,0.0,761.65,13927,3596487,10.643370194538141
0.0005,1000,5000,10,40,0.10000000149011612,11/02/2021,04:17:21,545,14330.420045614243,-6.1504250141511525,0.0,736.125,13975,3636420,10.627299270251962
0.0005,1000,5000,10,40,0.10000000149011612,11/02/2021,04:20:06,550,14494.766318559647,-4.470443042325903,0.0,827.575,14029,3677009,10.614854123195013
0.0005,1000,5000,10,40,0.10000000149011612,11/02/2021,04:22:47,555,14656.517073869705,-5.233528362623549,0.0,775.3,14079,3717102,10.599933520452277
0.0005,1000,5000,10,40,0.10000000149011612,11/02/2021,04:25:36,560,14825.405967235565,-4.746395045334726,0.0,792.325,14130,3756477,10.589575694912956
0.0005,1000,5000,10,40,0.10000000149011612,11/02/2021,04:28:21,565,14990.603175163269,-5.89444699794378,0.0,749.175,14180,3795767,10.575966351240314
0.0005,1000,5000,10,40,0.10000000149011612,11/02/2021,04:31:08,570,15157.306735515594,-4.971156114388755,0.0,766.975,14233,3836072,10.562840464533421
0.0005,1000,5000,10,40,0.10000000149011612,11/02/2021,04:33:50,575,15319.450185060501,-4.998789121775651,0.0,772.75,14281,3875677,10.545998316784411
0.0005,1000,5000,10,40,0.10000000149011612,11/02/2021,04:36:35,580,15484.068729877472,-5.631951563302591,0.0,765.975,14333,3915037,10.530353258642657
0.0005,1000,5000,10,40,0.10000000149011612,11/02/2021,04:39:28,585,15657.589613199234,-6.0792362456938545,0.0,726.75,14394,3955147,10.52017535805419
0.0005,1000,5000,10,40,0.10000000149011612,11/02/2021,04:42:20,590,15829.516369581223,-3.114175479021724,0.0,840.25,14442,3995810,10.508294771419182
0.0005,1000,5000,10,40,0.10000000149011612,11/02/2021,04:45:15,595,16004.419872760773,-4.1624178811806,0.0,796.275,14489,4036421,10.49776375509277
0.0005,1000,5000,10,40,0.10000000149011612,11/02/2021,04:48:02,600,16170.766734838486,-7.328420618510338,0.0,660.775,14541,4076968,10.481052516742988
0.0005,1000,5000,10,40,0.10000000149011612,11/02/2021,04:50:37,605,16326.042073488235,-3.9838041775931488,0.0,794.7,14584,4116374,10.456762485538084
0.0005,1000,5000,10,40,0.10000000149011612,11/02/2021,04:53:31,610,16500.58663868904,-3.211326920612005,0.0,854.725,14642,4155278,10.444360396057531
0.0005,1000,5000,10,40,0.10000000149011612,11/02/2021,04:56:19,615,16667.831655740738,-2.2178609144383694,0.0,869.625,14694,4194139,10.426805264732272
0.0005,1000,5000,10,40,0.10000000149011612,11/02/2021,04:59:09,620,16838.096866607666,-4.23065824150996,0.0,771.4,14744,4235003,10.410651291583173
0.0005,1000,5000,10,40,0.10000000149011612,11/02/2021,05:02:03,625,17012.574293613434,-0.658767491609874,0.0,864.85,14794,4275221,10.396573182900747
0.0005,1000,5000,10,40,0.10000000149011612,11/02/2021,05:04:51,630,17179.902576446533,-5.859335642618683,0.0,686.3,14850,4315769,10.3776307462416
0.0005,1000,5000,10,40,0.10000000149011612,11/02/2021,05:07:39,635,17347.990112781525,-1.051335995539596,0.0,841.775,14897,4356387,10.35870800809806
0.0005,1000,5000,10,40,0.10000000149011612,11/02/2021,05:10:25,640,17514.05344581604,1.2229312711075884,0.0,930.2,14942,4396934,10.338156554044948
0.0005,1000,5000,10,40,0.10000000149011612,11/02/2021,05:13:08,645,17677.587212324142,-2.813212890398455,0.0,770.5,14989,4436706,10.31573242188732
0.0005,1000,5000,10,40,0.10000000149011612,11/02/2021,05:15:59,650,17847.872977256775,-2.8183844536603626,0.0,769.3,15040,4476977,10.29684981214185
0.0005,1000,5000,10,40,0.10000000149011612,11/02/2021,05:18:52,655,18021.730774879456,-2.872666997451698,0.0,770.675,15096,4518360,10.279570777923299
0.0005,1000,5000,10,40,0.10000000149011612,11/02/2021,05:21:39,660,18188.383159399033,-3.4201957285088525,0.0,751.475,15148,4558721,10.257758179870919
0.0005,1000,5000,10,40,0.10000000149011612,11/02/2021,05:24:26,665,18354.80615377426,-0.5098526299601439,0.0,863.65,15199,4598838,10.235449549765415
0.0005,1000,5000,10,40,0.10000000149011612,11/02/2021,05:27:06,670,18514.87028169632,-1.7239891034099337,0.0,817.45,15247,4639548,10.209277560561649
0.0005,1000,5000,10,40,0.10000000149011612,11/02/2021,05:29:50,675,18679.230491638184,-3.4168436155453086,0.0,755.375,15303,4680030,10.185177121675062
0.0005,1000,5000,10,40,0.10000000149011612,11/02/2021,05:32:25,680,18834.088022232056,-0.5792577260452367,0.0,865.375,15347,4718732,10.155635698764932
0.0005,1000,5000,10,40,0.10000000149011612,11/02/2021,05:34:59,685,18988.090344667435,-3.5428624958954593,0.0,753.475,15392,4759245,10.125441528570816
0.0005,1000,5000,10,40,0.10000000149011612,11/02/2021,05:37:48,690,19156.993839502335,-1.6239798204026126,0.0,817.025,15442,4800197,10.102923482667997
0.0005,1000,5000,10,40,0.10000000149011612,11/02/2021,05:40:28,695,19316.84226489067,-2.315981104384628,0.0,805.425,15492,4841172,10.075331398001394
0.0005,1000,5000,10,40,0.10000000149011612,11/02/2021,05:43:12,700,19481.022217988968,-2.8109384570748768,0.0,774.75,15545,4879720,10.049733698822203
0.0005,1000,5000,10,40,0.10000000149011612,11/02/2021,05:45:52,705,19641.348228931427,-4.022931965605759,0.0,725.7,15593,4919527,10.021885720312923
0.0005,1000,5000,10,40,0.10000000149011612,11/02/2021,05:48:33,710,19802.37977862358,-3.903365437193416,0.0,731.8,15642,4960588,9.994158809283903
0.0005,1000,5000,10,40,0.10000000149011612,11/02/2021,05:51:13,715,19962.08665704727,2.0195277770018407,0.125,829.95,15691,5000814,9.965532772182584
0.0005,1000,5000,10,40,0.10000000149011612,11/02/2021,05:53:58,720,20127.110305547714,-0.9311153957805743,0.025,815.0,15744,5040469,9.939313731885251
0.0005,1000,5000,10,40,0.10000000149011612,11/02/2021,05:56:51,725,20300.4082736969,0.10225695477089718,0.0,891.75,15792,5080561,9.916866113495553
0.0005,1000,5000,10,40,0.10000000149011612,11/02/2021,05:59:33,730,20462.258217573166,-3.0046385724596187,0.0,777.125,15839,5121088,9.888534222980068
0.0005,1000,5000,10,40,0.10000000149011612,11/02/2021,06:02:14,735,20623.59373831749,0.8691095894109958,0.0,910.05,15891,5162212,9.859730189281345
0.0005,1000,5000,10,40,0.10000000149011612,11/02/2021,06:05:00,740,20789.37411212921,2.495089737876525,0.0,976.15,15937,5202773,9.832812080300965
0.0005,1000,5000,10,40,0.10000000149011612,11/02/2021,06:08:02,745,20970.937961101532,-0.40062061560935225,0.0,865.7,15989,5243754,9.813022801177791
0.0005,1000,5000,10,40,0.10000000149011612,11/02/2021,06:10:56,750,21144.770976305008,-2.9327044198844545,0.0,768.425,16036,5284322,9.789245823025704
0.0005,1000,5000,10,40,0.10000000149011612,11/02/2021,06:13:36,755,21305.173949480057,-0.5734118367130148,0.0,864.7,16083,5324072,9.758992483135177
0.0005,1000,5000,10,40,0.10000000149011612,11/02/2021,06:16:26,760,21475.13867521286,0.14426321558963479,0.0,883.625,16130,5364607,9.73288449158794
0.0005,1000,5000,10,40,0.10000000149011612,11/02/2021,06:19:02,765,21630.82191300392,-0.6415187968320922,0.0,861.075,16174,5404994,9.700096248615107
0.0005,1000,5000,10,40,0.10000000149011612,11/02/2021,06:21:41,770,21790.72427558899,1.1814688890796012,0.0,931.3,16224,5445747,9.669044323283185
0.0005,1000,5000,10,40,0.10000000149011612,11/02/2021,06:24:23,775,21951.76107120514,-2.2316217778563874,0.0,798.975,16266,5485976,9.638318033496112
0.0005,1000,5000,10,40,0.10000000149011612,11/02/2021,06:27:13,780,22122.13347840309,2.3926841740632576,0.0,976.6,16313,5526682,9.611468251252447
0.0005,1000,5000,10,40,0.10000000149011612,11/02/2021,06:29:56,785,22285.00589776039,0.7652619042658563,0.0,907.55,16357,5567029,9.581133111256364
0.0005,1000,5000,10,40,0.10000000149011612,11/02/2021,06:32:50,790,22459.730293512344,0.7263810340847899,0.0,909.45,16402,5607417,9.555651780397916
0.0005,1000,5000,10,40,0.10000000149011612,11/02/2021,06:35:37,795,22626.388694047928,1.170887586216707,0.0,931.225,16448,5647974,9.526484408730981
0.0005,1000,5000,10,40,0.10000000149011612,11/02/2021,06:38:20,800,22789.46121430397,0.14045256734880485,0.0,888.5,16493,5688255,9.495608839756912
0.0005,1000,5000,10,40,0.10000000149011612,11/02/2021,06:41:03,805,22952.334944725037,0.5059852981489236,0.0,908.175,16540,5728854,9.464472139329644
0.0005,1000,5000,10,40,0.10000000149011612,11/02/2021,06:43:50,810,23119.60328388214,-0.38760226249759605,0.0,859.7,16588,5769614,9.434954704773933
0.0005,1000,5000,10,40,0.10000000149011612,11/02/2021,06:46:27,815,23276.695631980896,-0.5752116469493828,0.0,868.725,16636,5810248,9.40111940157885
0.0005,1000,5000,10,40,0.10000000149011612,11/02/2021,06:49:22,820,23451.078809976578,-0.710252607075949,0.0,860.35,16679,5850481,9.374076219617834
0.0005,1000,5000,10,40,0.10000000149011612,11/02/2021,06:52:01,825,23610.628831148148,0.10046661237549373,0.0,884.275,16720,5890550,9.340905346041577
0.0005,1000,5000,10,40,0.10000000149011612,11/02/2021,06:54:48,830,23776.7440161705,0.033116366218404046,0.0,883.2,16771,5931451,9.31017085025668
0.0005,1000,5000,10,40,0.10000000149011612,11/02/2021,06:57:19,835,23927.85042142868,21.54277501498178,0.925,611.975,16822,5972118,9.273435047194312
0.0005,1000,5000,10,40,0.10000000149011612,11/02/2021,07:00:09,840,24098.402102708817,0.675733009595341,0.0,907.675,16865,6012334,9.244096045216557
0.0005,1000,5000,10,40,0.10000000149011612,11/02/2021,07:02:53,845,24261.942426919937,0.6739306680041676,0.0,906.325,16908,6052636,9.211881493723057
0.0005,1000,5000,10,40,0.10000000149011612,11/02/2021,07:05:44,850,24433.58222079277,1.1305006450144748,0.0,930.575,16951,6092847,9.182555410051657
0.0005,1000,5000,10,40,0.10000000149011612,11/02/2021,07:08:36,855,24605.36661887169,-0.604251483403375,0.0,861.525,16997,6133369,9.153068479327043
0.0005,1000,5000,10,40,0.10000000149011612,11/02/2021,07:11:22,860,24771.0912463665,-1.2166604597523845,0.0,840.95,17047,6174187,9.121138259962548
0.0005,1000,5000,10,40,0.10000000149011612,11/02/2021,07:14:13,865,24942.448521375656,1.20298409465182,0.0,932.05,17088,6214295,9.091097965048686
0.0005,1000,5000,10,40,0.10000000149011612,11/02/2021,07:16:59,870,25107.81092762947,1.828880244172689,0.0,952.675,17137,6254926,9.058692959559224
0.0005,1000,5000,10,40,0.10000000149011612,11/02/2021,07:19:47,875,25276.151198863983,0.6522963283047318,0.0,907.675,17186,6295666,9.027196856869592
0.0005,1000,5000,10,40,0.10000000149011612,11/02/2021,07:22:31,880,25439.76687145233,1.8745397139220632,0.0,954.5,17228,6335883,8.993856975087011
0.0005,1000,5000,10,40,0.10000000149011612,11/02/2021,07:25:14,885,25603.138308763504,3.980686497833301,0.075,855.225,17270,6376048,8.960294795340511
0.0005,1000,5000,10,40,0.10000000149011612,11/02/2021,07:28:01,890,25770.567163705826,2.4906036324748158,0.0,975.875,17314,6416379,8.928005478557726
0.0005,1000,5000,10,40,0.10000000149011612,11/02/2021,07:30:43,895,25932.067361593246,0.6124157409652077,0.0,906.875,17357,6456544,8.893524033325493
0.0005,1000,5000,10,40,0.10000000149011612,11/02/2021,07:33:29,900,26098.59809279442,1.2347064627430941,0.0,929.8,17401,6496831,8.8606351552039
0.0005,1000,5000,10,40,0.10000000149011612,11/02/2021,07:36:13,905,26261.886967897415,0.07350315772002057,0.0,883.475,17442,6536888,8.826508971962042
0.0005,1000,5000,10,40,0.10000000149011612,11/02/2021,07:39:03,910,26432.094365358353,1.8198011360257826,0.0,954.325,17486,6577233,8.794561312170257
0.0005,1000,5000,10,40,0.10000000149011612,11/02/2021,07:41:58,915,26607.072690963745,1.2700041261538852,0.0,929.45,17530,6617525,8.764017578437969
0.0005,1000,5000,10,40,0.10000000149011612,11/02/2021,07:44:35,920,26764.15101313591,1.1849791513607326,0.0,931.0,17574,6657792,8.727440548763761
0.0005,1000,5000,10,40,0.10000000149011612,11/02/2021,07:46:46,925,26895.689885139465,23.607925198106418,0.95,379.925,17617,6698032,8.6825425306061
0.0005,1000,5000,10,40,0.10000000149011612,11/02/2021,07:49:32,930,27060.988396167755,1.1751400466783903,0.0,930.05,17660,6738210,8.64852377090759
0.0005,1000,5000,10,40,0.10000000149011612,11/02/2021,07:52:22,935,27231.569918632507,0.6166578108046064,0.0,907.275,17703,6777826,8.616049305832039
0.0005,1000,5000,10,40,0.10000000149011612,11/02/2021,07:55:12,940,27400.866448640823,2.426299707256246,0.0,906.375,17745,6817116,8.583013722483711
0.0005,1000,5000,10,40,0.10000000149011612,11/02/2021,07:57:57,945,27566.679111480713,1.825424342757979,0.0,884.075,17788,6857335,8.548749695415008
0.0005,1000,5000,10,40,0.10000000149011612,11/02/2021,08:00:40,950,27729.18464899063,1.8500367532078017,0.0,953.0,17830,6897474,8.513346164453102
0.0005,1000,5000,10,40,0.10000000149011612,11/02/2021,08:03:20,955,27889.20361328125,1.1746201951013038,0.0,932.025,17877,6937955,8.477084869864099
0.0005,1000,5000,10,40,0.10000000149011612,11/02/2021,08:06:01,960,28050.27097272873,3.793283737347452,0.0,952.875,17925,6978414,8.441053765140197
0.0005,1000,5000,10,40,0.10000000149011612,11/02/2021,08:08:11,965,28179.919004678726,22.854293235872525,0.95,453.175,17967,7018520,8.395571724225476
0.0005,1000,5000,10,40,0.10000000149011612,11/02/2021,08:10:52,970,28340.766474962234,1.8612716702440117,0.0,955.65,18012,7058775,8.359389882490534
0.0005,1000,5000,10,40,0.10000000149011612,11/02/2021,08:13:46,975,28515.680757761,-1.1820797151501525,0.0,836.825,18054,7098875,8.327228711554806
0.0005,1000,5000,10,40,0.10000000149011612,11/02/2021,08:16:27,980,28676.485985040665,-1.1185223951509404,0.0,835.875,18096,7139048,8.290820780220757
0.0005,1000,5000,10,40,0.10000000149011612,11/02/2021,08:19:18,985,28846.805593967438,0.7815058406531186,0.0,905.725,18143,7179659,8.257052365319245
0.0005,1000,5000,10,40,0.10000000149011612,11/02/2021,08:22:03,990,29011.901817560196,2.8985778435555427,0.0,1000.0,18190,7220233,8.221666901379189
0.0005,1000,5000,10,40,0.10000000149011612,11/02/2021,08:24:40,995,29169.575878858566,5.596778164672505,0.125,859.75,18232,7260336,8.184093734730494
0.0005,1000,5000,10,40,0.10000000149011612,11/02/2021,08:26:56,1000,29305.5274143219,23.304456665263896,0.95,440.975,18279,7300790,8.140424281623629
0.0005,1000,5000,10,40,0.10000000149011612,11/02/2021,08:29:47,1005,29475.78696656227,1.7797684335213635,0.0,885.525,18325,7341231,8.106248765049749
0.0005,1000,5000,10,40,0.10000000149011612,11/02/2021,08:32:13,1010,29622.016274690628,25.27740326436247,1.0,484.6,18367,7381365,8.065400471790918
0.0005,1000,5000,10,40,0.10000000149011612,11/02/2021,08:34:56,1015,29785.208005666733,-1.7861256663393505,0.0,814.75,18411,7421764,8.029126952858524
0.0005,1000,5000,10,40,0.10000000149011612,11/02/2021,08:37:40,1020,29949.29019856453,2.3137591546662732,0.0,976.15,18454,7462004,7.993002286284579
0.0005,1000,5000,10,40,0.10000000149011612,11/02/2021,08:39:59,1025,30088.72167944908,17.282826153375186,0.825,414.475,18500,7502552,7.9502719885627755
0.0005,1000,5000,10,40,0.10000000149011612,11/02/2021,08:42:15,1030,30224.598180532455,20.272464058175807,0.875,406.4,18545,7542912,7.906650548989461
0.0005,1000,5000,10,40,0.10000000149011612,11/02/2021,08:44:26,1035,30355.681505918503,24.149102074504935,0.975,395.075,18590,7583309,7.861844512375529
0.0005,1000,5000,10,40,0.10000000149011612,11/02/2021,08:46:39,1040,30488.447826862335,21.670599258336654,0.925,397.9,18631,7623365,7.817550729008821
0.0005,1000,5000,10,40,0.10000000149011612,11/02/2021,08:49:30,1045,30659.523842334747,8.657413217995607,0.275,757.475,18673,7663482,7.783052968950996
0.0005,1000,5000,10,40,0.10000000149011612,11/02/2021,08:52:24,1050,30832.918848991394,3.6515747502557168,0.075,902.725,18716,7703739,7.749013998580988
0.0005,1000,5000,10,40,0.10000000149011612,11/02/2021,08:54:37,1055,30965.812926769257,21.957530337264913,0.925,345.6,18762,7744238,7.704763883764083
0.0005,1000,5000,10,40,0.10000000149011612,11/02/2021,08:56:54,1060,31103.46565413475,21.788200579571587,0.925,382.65,18809,7784635,7.661755166894736
0.0005,1000,5000,10,40,0.10000000149011612,11/02/2021,08:59:30,1065,31259.450934410095,11.279517201575988,0.45,632.275,18855,7825048,7.623262031310602
0.0005,1000,5000,10,40,0.10000000149011612,11/02/2021,09:01:36,1070,31385.315932750702,24.299813195091282,0.975,369.175,18900,7865384,7.577451666069921
0.0005,1000,5000,10,40,0.10000000149011612,11/02/2021,09:04:00,1075,31529.531739234924,21.540588177499934,0.925,455.275,18944,7905624,7.53612838725865
0.0005,1000,5000,10,40,0.10000000149011612,11/02/2021,09:06:10,1080,31658.772033691406,22.520365619496257,0.95,363.55,18984,7945624,7.491273217657466
0.0005,1000,5000,10,40,0.10000000149011612,11/02/2021,09:08:58,1085,31827.549695014954,9.835080030309719,0.425,612.45,19027,7985323,7.45576241091588
0.0005,1000,5000,10,40,0.10000000149011612,11/02/2021,09:11:09,1090,31957.861002922058,21.772128319886157,0.9,343.225,19069,8025235,7.411226685118238
0.0005,1000,5000,10,40,0.10000000149011612,11/02/2021,09:13:16,1095,32084.961087703705,21.660878152153508,0.9,341.15,19109,8064199,7.366029879217038
0.0005,1000,5000,10,40,0.10000000149011612,11/02/2021,09:15:23,1100,32212.236657619476,21.009325665697208,0.9,320.125,19151,8104277,7.3209628766654715
0.0005,1000,5000,10,40,0.10000000149011612,11/02/2021,09:17:58,1105,32367.171783447266,17.458268012284314,0.65,580.925,19193,8144108,7.282206824006539
0.0005,1000,5000,10,40,0.10000000149011612,11/02/2021,09:20:14,1110,32503.299672603607,22.60210649373097,0.925,336.55,19236,8184297,7.239223400635403
0.0005,1000,5000,10,40,0.10000000149011612,11/02/2021,09:22:28,1115,32636.974186897278,21.79112925052238,0.925,350.4,19277,8224158,7.195745429933874
0.0005,1000,5000,10,40,0.10000000149011612,11/02/2021,09:24:41,1120,32770.48806118965,20.027608236655272,0.875,369.075,19319,8264278,7.152289060884052
0.0005,1000,5000,10,40,0.10000000149011612,11/02/2021,09:26:52,1125,32901.162507772446,22.227290052988785,0.925,352.7,19367,8304928,7.108275850452024
0.0005,1000,5000,10,40,0.10000000149011612,11/02/2021,09:29:05,1130,33034.249384880066,20.545449944083934,0.9,369.175,19412,8345456,7.064846847863206
0.0005,1000,5000,10,40,0.10000000149011612,11/02/2021,09:31:24,1135,33173.625415802,21.484810262784094,0.9,350.65,19455,8385703,7.02280616357317
0.0005,1000,5000,10,40,0.10000000149011612,11/02/2021,09:33:33,1140,33302.53236293793,20.189662323272255,0.875,325.825,19502,8426240,6.97860083622426
0.0005,1000,5000,10,40,0.10000000149011612,11/02/2021,09:36:23,1145,33472.01488304138,3.1766315625494395,0.1,797.225,19544,8466388,6.942885184314344
0.0005,1000,5000,10,40,0.10000000149011612,11/02/2021,09:38:44,1150,33613.545607089996,24.568547210254387,0.975,344.4,19586,8506532,6.901331827303639
0.0005,1000,5000,10,40,0.10000000149011612,11/02/2021,09:40:53,1155,33742.244223594666,21.24224700891022,0.9,335.425,19629,8545703,6.857190083820927
0.0005,1000,5000,10,40,0.10000000149011612,11/02/2021,09:43:14,1160,33883.21937894821,25.25773071429746,0.975,358.125,19671,8585370,6.815590105013372
0.0005,1000,5000,10,40,0.10000000149011612,11/02/2021,09:45:39,1165,34028.11463689804,19.280834483316575,0.875,348.475,19716,8625778,6.774791540548411
0.0005,1000,5000,10,40,0.10000000149011612,11/02/2021,09:47:50,1170,34159.71798157692,22.279719111261084,0.925,326.4,19759,8665825,6.731378424581979
0.0005,1000,5000,10,40,0.10000000149011612,11/02/2021,09:50:04,1175,34293.02503705025,26.079540003952463,1.0,366.925,19803,8705422,6.688355948512154
0.0005,1000,5000,10,40,0.10000000149011612,11/02/2021,09:52:28,1180,34437.23396110535,24.630890434137648,0.975,363.5,19845,8745594,6.6474886646524425
0.0005,1000,5000,10,40,0.10000000149011612,11/02/2021,09:54:38,1185,34566.83195376396,19.890496109927145,0.875,340.175,19887,8785371,6.603836860653385
0.0005,1000,5000,10,40,0.10000000149011612,11/02/2021,09:56:54,1190,34703.51120376587,21.783778940016415,0.925,349.4,19932,8825796,6.5615882541157164
0.0005,1000,5000,10,40,0.10000000149011612,11/02/2021,09:59:08,1195,34837.279910326004,19.47801334201036,0.85,324.25,19977,8865573,6.518830853660735
0.0005,1000,5000,10,40,0.10000000149011612,11/02/2021,10:01:20,1200,34968.80542778969,19.211753696497695,0.875,330.775,20022,8905552,6.475704708629184
0.0005,1000,5000,10,40,0.10000000149011612,11/02/2021,10:03:29,1205,35098.03904175758,24.450998662066308,0.95,347.225,20068,8945421,6.4322132412930575
0.0005,1000,5000,10,40,0.10000000149011612,11/02/2021,10:05:45,1210,35233.796501636505,22.239171479890828,0.925,354.6,20109,8985507,6.389967684955964
0.0005,1000,5000,10,40,0.10000000149011612,11/02/2021,10:07:55,1215,35363.87144637108,24.38984714941035,0.95,342.05,20151,9024801,6.346739617682888
0.0005,1000,5000,10,40,0.10000000149011612,11/02/2021,10:10:10,1220,35499.546989917755,18.92968295371703,0.85,298.15,20192,9064204,6.304564356807152
0.0005,1000,5000,10,40,0.10000000149011612,11/02/2021,10:12:22,1225,35631.729833602905,21.83791977661293,0.9,357.35,20235,9104439,6.261811931934758
0.0005,1000,5000,10,40,0.10000000149011612,11/02/2021,10:14:28,1230,35757.27451515198,25.436829933791653,0.975,332.075,20277,9144467,6.2179542402911
0.0005,1000,5000,10,40,0.10000000149011612,11/02/2021,10:16:41,1235,35890.23446011543,20.19922009046627,0.875,294.775,20320,9184060,6.175445200176428
0.0005,1000,5000,10,40,0.10000000149011612,11/02/2021,10:19:06,1240,36035.545724630356,25.51199702834904,0.975,332.325,20362,9223838,6.13508395065757
0.0005,1000,5000,10,40,0.10000000149011612,11/02/2021,10:21:18,1245,36167.270403146744,23.342679231925135,0.925,293.6,20405,9264010,6.092433993616895
0.0005,1000,5000,10,40,0.10000000149011612,11/02/2021,10:23:26,1250,36295.40271425247,24.235053937039034,0.95,312.625,20447,9302525,6.049233786874346
0.0005,1000,5000,10,40,0.10000000149011612,11/02/2021,10:25:31,1255,36420.339896678925,20.803956927396037,0.875,306.4,20488,9342208,6.005567335504618
0.0005,1000,5000,10,40,0.10000000149011612,11/02/2021,10:27:41,1260,36550.26417851448,24.35224065195276,0.95,314.8,20535,9382290,5.962785602228772
0.0005,1000,5000,10,40,0.10000000149011612,11/02/2021,10:29:55,1265,36684.725739479065,24.49539767859146,0.95,298.25,20578,9422199,5.920789068385756
0.0005,1000,5000,10,40,0.10000000149011612,11/02/2021,10:32:07,1270,36816.174482584,26.826028870402563,1.0,327.3,20624,9461960,5.878348069612332
0.0005,1000,5000,10,40,0.10000000149011612,11/02/2021,10:34:13,1275,36942.43819308281,22.023526406495023,0.9,290.75,20669,9501273,5.83513457332691
0.0005,1000,5000,10,40,0.10000000149011612,11/02/2021,10:36:24,1280,37073.59558534622,23.211865269684758,0.925,287.35,20711,9541404,5.792749310707053
0.0005,1000,5000,10,40,0.10000000149011612,11/02/2021,10:38:32,1285,37201.72881317139,21.891274090617507,0.9,292.6,20756,9579980,5.749942952924561
0.0005,1000,5000,10,40,0.10000000149011612,11/02/2021,10:40:34,1290,37322.97572231293,22.054626869465622,0.9,261.275,20802,9618861,5.706139699035322
0.0005,1000,5000,10,40,0.10000000149011612,11/02/2021,10:42:39,1295,37448.31642580032,26.784203644724602,1.0,305.125,20849,9659483,5.663033693691581
0.0005,1000,5000,10,40,0.10000000149011612,11/02/2021,10:44:39,1300,37568.28535103798,21.901035798072094,0.9,275.7,20893,9697095,5.619187980110829
0.0005,1000,5000,10,40,0.10000000149011612,11/02/2021,10:46:47,1305,37696.46498823166,18.201650522013104,0.825,252.575,20936,9736107,5.576637540715154
0.0005,1000,5000,10,40,0.10000000149011612,11/02/2021,10:48:50,1310,37819.45340228081,24.216132568941852,0.95,292.25,20982,9774800,5.533380586628292
0.0005,1000,5000,10,40,0.10000000149011612,11/02/2021,10:50:54,1315,37942.849668741226,23.115709547113628,0.925,287.725,21024,9813364,5.490251800242887
0.0005,1000,5000,10,40,0.10000000149011612,11/02/2021,10:53:08,1320,38076.75893330574,22.68060066417543,0.925,279.675,21068,9851163,5.448694459994634
0.0005,1000,5000,10,40,0.10000000149011612,11/02/2021,10:55:14,1325,38203.10386824608,21.48501001141664,0.9,269.7,21116,9889361,5.4060996039021205
0.0005,1000,5000,10,40,0.10000000149011612,11/02/2021,10:57:23,1330,38332.53243780136,21.935930735893955,0.9,278.725,21157,9926673,5.363992634899636
0.0005,1000,5000,10,40,0.10000000149011612,11/02/2021,10:59:32,1335,38461.70937204361,21.78257578558119,0.9,261.425,21208,9965513,5.32189696330529
0.0005,1000,5000,10,40,0.10000000149011612,11/02/2021,11:01:41,1340,38590.22105503082,25.208634477646306,0.975,297.1,21249,10002887,5.279756611903903
0.0005,1000,5000,10,40,0.10000000149011612,11/02/2021,11:03:53,1345,38721.919575452805,22.910469735368103,0.925,248.65,21295,10040494,5.238095275414279
0.0005,1000,5000,10,40,0.10000000149011612,11/02/2021,11:06:04,1350,38852.77270817757,17.25112378539009,0.8,232.25,21338,10077253,5.196358490240428
0.0005,1000,5000,10,40,0.10000000149011612,11/02/2021,11:08:08,1355,38977.09329152107,24.263213871140604,0.95,280.575,21379,10113164,5.153797698334721
0.0005,1000,5000,10,40,0.10000000149011612,11/02/2021,11:10:13,1360,39102.60189580917,22.14191799680637,0.9,257.65,21427,10148464,5.111451230956839
0.0005,1000,5000,10,40,0.10000000149011612,11/02/2021,11:12:22,1365,39230.78949213028,19.67277919322738,0.85,243.475,21473,10183410,5.069505764852949
0.0005,1000,5000,10,40,0.10000000149011612,11/02/2021,11:14:20,1370,39349.31066441536,24.546196766200502,0.95,280.15,21518,10217107,5.0263718000148625
0.0005,1000,5000,10,40,0.10000000149011612,11/02/2021,11:16:23,1375,39472.18032813072,21.93707551152389,0.9,259.375,21561,10251473,4.983861152963206
0.0005,1000,5000,10,40,0.10000000149011612,11/02/2021,11:18:30,1380,39599.00911331177,22.093217114013363,0.9,257.175,21610,10285923,4.941905323584684
0.0005,1000,5000,10,40,0.10000000149011612,11/02/2021,11:20:31,1385,39720.000416755676,25.73850489065835,0.975,257.55,21654,10319706,4.899278030302026
0.0005,1000,5000,10,40,0.10000000149011612,11/02/2021,11:22:32,1390,39841.633616924286,26.766144240358017,1.0,289.6,21700,10352120,4.856793866027934
0.0005,1000,5000,10,40,0.10000000149011612,11/02/2021,11:24:31,1395,39960.550904750824,23.33749209027522,0.925,255.35,21745,10386202,4.814044861839093
0.0005,1000,5000,10,40,0.10000000149011612,11/02/2021,11:26:34,1400,40083.6183822155,24.41286402393643,0.95,272.25,21797,10422813,4.771859331745952
0.0005,1000,5000,10,40,0.10000000149011612,11/02/2021,11:28:46,1405,40215.22230267525,23.159399390150483,0.925,279.475,21843,10455956,4.730734929071202
0.0005,1000,5000,10,40,0.10000000149011612,11/02/2021,11:30:50,1410,40338.916187524796,24.618528355128994,0.95,277.475,21895,10489242,4.6887235125093785
0.0005,1000,5000,10,40,0.10000000149011612,11/02/2021,11:32:51,1415,40460.439069509506,24.547759148265154,0.95,257.1,21950,10524212,4.646516854810304
0.0005,1000,5000,10,40,0.10000000149011612,11/02/2021,11:34:47,1420,40576.32229232788,25.39022702027057,0.975,282.7,21997,10555499,4.603729837550804
0.0005,1000,5000,10,40,0.10000000149011612,11/02/2021,11:36:53,1425,40702.64344406128,25.611812702928187,0.975,264.325,22045,10588790,4.562187130917116
0.0005,1000,5000,10,40,0.10000000149011612,11/02/2021,11:38:53,1430,40822.173340559006,22.17747495430761,0.9,265.225,22097,10622157,4.519937607702028
0.0005,1000,5000,10,40,0.10000000149011612,11/02/2021,11:40:49,1435,40938.70984053612,23.29231294343956,0.925,272.275,22153,10655174,4.4774237431680985
0.0005,1000,5000,10,40,0.10000000149011612,11/02/2021,11:42:47,1440,41055.96193933487,22.12305598724069,0.9,268.625,22211,10688467,4.435057616509774
0.0005,1000,5000,10,40,0.10000000149011612,11/02/2021,11:45:03,1445,41191.94461941719,25.68264306744817,0.975,286.125,22263,10722800,4.394757643975188
0.0005,1000,5000,10,40,0.10000000149011612,11/02/2021,11:47:04,1450,41313.63501572609,23.156799515502218,0.925,286.25,22319,10753740,4.352969206276981
0.0005,1000,5000,10,40,0.10000000149011612,11/02/2021,11:49:01,1455,41430.32261133194,24.46104964463476,0.95,276.825,22374,10786793,4.310715124276861
0.0005,1000,5000,10,40,0.10000000149011612,11/02/2021,11:51:02,1460,41550.93186044693,24.384514281824703,0.95,277.1,22427,10821165,4.268931355108046
0.0005,1000,5000,10,40,0.10000000149011612,11/02/2021,11:53:06,1465,41675.02198886871,24.40715038090297,0.95,279.275,22480,10856180,4.2275572166702355
0.0005,1000,5000,10,40,0.10000000149011612,11/02/2021,11:54:59,1470,41788.15011882782,20.84729383658404,0.875,261.325,22532,10887207,4.185132192320565
0.0005,1000,5000,10,40,0.10000000149011612,11/02/2021,11:56:50,1475,41899.55438709259,23.36471202355832,0.925,263.175,22587,10917640,4.142611309159723
0.0005,1000,5000,10,40,0.10000000149011612,11/02/2021,11:58:42,1480,42010.74615192413,23.195871351365035,0.925,265.5,22646,10948223,4.100147897327268
0.0005,1000,5000,10,40,0.10000000149011612,11/02/2021,12:00:34,1485,42122.99720168114,24.3176539851847,0.95,270.525,22697,10979486,4.0578644887160324
0.0005,1000,5000,10,40,0.10000000149011612,11/02/2021,12:02:33,1490,42242.61191511154,20.931261875306966,0.875,271.3,22752,11010383,4.0163557185209315
0.0005,1000,5000,10,40,0.10000000149011612,11/02/2021,12:04:25,1495,42354.73114156723,20.698224444563458,0.875,257.3,22814,11042436,3.9741990384334347
0.0005,1000,5000,10,40,0.10000000149011612,11/02/2021,12:06:19,1500,42467.99199676514,24.44147344793086,0.95,277.825,22869,11072250,3.9322214815793206
0.0005,1000,5000,10,40,0.10000000149011612,11/02/2021,12:08:14,1505,42583.38145875931,24.433704975393074,0.95,278.625,22930,11103937,3.8905082727134244
0.0005,1000,5000,10,40,0.10000000149011612,11/02/2021,12:10:14,1510,42703.30338573456,24.39081988808565,0.95,292.25,22989,11135693,3.849267596755946
0.0005,1000,5000,10,40,0.10000000149011612,11/02/2021,12:12:14,1515,42823.363492012024,25.67571745530954,0.975,278.25,23051,11168224,3.8080915458028803
0.0005,1000,5000,10,40,0.10000000149011612,11/02/2021,12:14:01,1520,42930.529111385345,24.58647964156351,0.95,277.525,23113,11197690,3.765835886395467
0.0005,1000,5000,10,40,0.10000000149011612,11/02/2021,12:16:03,1525,43052.398128032684,23.3073137342643,0.925,281.35,23171,11229062,3.7249342639166145
0.0005,1000,5000,10,40,0.10000000149011612,11/02/2021,12:17:53,1530,43162.677788972855,23.15161240642291,0.925,281.275,23231,11260096,3.6830897891071293
0.0005,1000,5000,10,40,0.10000000149011612,11/02/2021,12:19:50,1535,43279.17554664612,22.096185346406585,0.9,268.7,23288,11291148,3.6418415913321245
0.0005,1000,5000,10,40,0.10000000149011612,11/02/2021,12:21:37,1540,43386.274042367935,25.507993726644656,0.975,315.125,23355,11320508,3.5998712226124896
0.0005,1000,5000,10,40,0.10000000149011612,11/02/2021,12:23:39,1545,43508.34559774399,24.254020404058526,0.95,273.025,23425,11350471,3.559204826474575
0.0005,1000,5000,10,40,0.10000000149011612,11/02/2021,12:25:29,1550,43618.015656232834,23.276038573926265,0.925,261.75,23496,11381110,3.517581907168939
0.0005,1000,5000,10,40,0.10000000149011612,11/02/2021,12:27:19,1555,43728.40426707268,19.712103055178,0.85,253.6,23563,11410479,3.47608786996112
0.0005,1000,5000,10,40,0.10000000149011612,11/02/2021,12:29:11,1560,43840.627019405365,24.5007091316968,0.95,278.7,23634,11442458,3.434806959771702
0.0005,1000,5000,10,40,0.10000000149011612,11/02/2021,12:31:00,1565,43949.436796188354,19.58974329317615,0.85,250.3,23705,11472747,3.3933271219741377
0.0005,1000,5000,10,40,0.10000000149011612,11/02/2021,12:32:56,1570,44064.84721446037,25.415426671541244,0.975,286.05,23769,11504262,3.3524211426774246
0.0005,1000,5000,10,40,0.10000000149011612,11/02/2021,12:34:47,1575,44176.203280210495,24.461831863540684,0.95,284.025,23838,11533959,3.311267440368469
0.0005,1000,5000,10,40,0.10000000149011612,11/02/2021,12:36:38,1580,44286.8970990181,25.748971469303598,0.975,284.775,23903,11563676,3.2701295326128297
0.0005,1000,5000,10,40,0.10000000149011612,11/02/2021,12:38:28,1585,44396.7871696949,19.62499149036314,0.85,255.075,23977,11595434,3.2289987164700285
0.0005,1000,5000,10,40,0.10000000149011612,11/02/2021,12:40:21,1590,44510.018872499466,18.528287930378546,0.825,259.35,24050,11627341,3.1881739577507324
0.0005,1000,5000,10,40,0.10000000149011612,11/02/2021,12:42:16,1595,44624.806987047195,18.155797246920798,0.825,263.95,24125,11658224,3.1475177336694125
0.0005,1000,5000,10,40,0.10000000149011612,11/02/2021,12:44:06,1600,44735.7001080513,18.120094219630566,0.825,246.625,24193,11687810,3.1066458407375546
0.0005,1000,5000,10,40,0.10000000149011612,11/02/2021,12:45:53,1605,44842.58751797676,23.05449139339701,0.925,280.95,24262,11717146,3.065562836542265
0.0005,1000,5000,10,40,0.10000000149011612,11/02/2021,12:47:44,1610,44952.867173194885,22.604091934181653,0.925,292.0,24331,11747316,3.0247788478774478
0.0005,1000,5000,10,40,0.10000000149011612,11/02/2021,12:49:37,1615,45066.71114897728,24.41876896994618,0.95,281.075,24406,11776785,2.9842937376015692
0.0005,1000,5000,10,40,0.10000000149011612,11/02/2021,12:51:19,1620,45167.915293216705,24.22639562705135,0.95,282.275,24483,11805057,2.9430397476441916
0.0005,1000,5000,10,40,0.10000000149011612,11/02/2021,12:53:10,1625,45279.26116299629,23.24567700339815,0.925,284.775,24556,11835676,2.9025167409273287
0.0005,1000,5000,10,40,0.10000000149011612,11/02/2021,12:55:10,1630,45399.3640062809,24.369544003235813,0.95,297.9,24625,11864648,2.862604751546282
0.0005,1000,5000,10,40,0.10000000149011612,11/02/2021,12:56:56,1635,45505.02214050293,21.910531512067475,0.9,282.9,24693,11893077,2.821837084776602
0.0005,1000,5000,10,40,0.10000000149011612,11/02/2021,12:58:39,1640,45608.57426190376,24.481265660471063,0.95,268.125,24757,11922655,2.7810106257177623
0.0005,1000,5000,10,40,0.10000000149011612,11/02/2021,13:00:26,1645,45715.62805914879,19.55270829738024,0.85,262.475,24826,11951688,2.7404674029303977
0.0005,1000,5000,10,40,0.10000000149011612,11/02/2021,13:02:11,1650,45820.26805591583,23.15389422828056,0.925,276.45,24897,11980645,2.69984744393063
0.0005,1000,5000,10,40,0.10000000149011612,11/02/2021,13:03:56,1655,45924.817994356155,23.34413599908151,0.925,274.75,24969,12010160,2.6592920789293646
0.0005,1000,5000,10,40,0.10000000149011612,11/02/2021,13:05:39,1660,46028.41397309303,22.076860733835026,0.9,255.775,25050,12039586,2.618751798809133
0.0005,1000,5000,10,40,0.10000000149011612,11/02/2021,13:07:28,1665,46137.28649187088,24.55535974477585,0.95,276.875,25129,12069458,2.5785770724195207
0.0005,1000,5000,10,40,0.10000000149011612,11/02/2021,13:09:21,1670,46250.17531704903,23.332082065246208,0.925,286.05,25202,12100029,2.5386822776368514
0.0005,1000,5000,10,40,0.10000000149011612,11/02/2021,13:11:05,1675,46353.944311380386,20.916087854255643,0.875,262.8,25283,12130597,2.4983469150068354
0.0005,1000,5000,10,40,0.10000000149011612,11/02/2021,13:12:58,1680,46467.56393432617,23.377063326921963,0.925,259.525,25356,12160598,2.458601266022712
0.0005,1000,5000,10,40,0.10000000149011612,11/02/2021,13:15:01,1685,46590.21233868599,23.372656736612438,0.925,271.425,25432,12191539,2.4193730439243235
0.0005,1000,5000,10,40,0.10000000149011612,11/02/2021,13:16:51,1690,46699.77037739754,25.752295963008446,0.975,282.175,25511,12221655,2.379508352184437
0.0005,1000,5000,10,40,0.10000000149011612,11/02/2021,13:18:34,1695,46803.69596672058,22.153681698481996,0.9,271.925,25589,12251059,2.3394177755169383
0.0005,1000,5000,10,40,0.10000000149011612,11/02/2021,13:20:25,1700,46914.11821985245,26.974518602038756,1.0,290.65,25667,12281232,2.299711678425471
0.0005,1000,5000,10,40,0.10000000149011612,11/02/2021,13:22:10,1705,47019.727753162384,23.38732296127787,0.925,283.3,25741,12309615,2.2598272536122566
0.0005,1000,5000,10,40,0.10000000149011612,11/02/2021,13:23:53,1710,47122.69444537163,24.56885161136951,0.95,270.95,25813,12337783,2.2198800170282165
0.0005,1000,5000,10,40,0.10000000149011612,11/02/2021,13:25:38,1715,47227.366814136505,26.926276907090607,1.0,296.65,25891,12367057,2.1800776708089384
0.0005,1000,5000,10,40,0.10000000149011612,11/02/2021,13:27:22,1720,47331.11319923401,24.569579234814118,0.95,280.2,25967,12396299,2.1402958157604672
0.0005,1000,5000,10,40,0.10000000149011612,11/02/2021,13:29:17,1725,47445.900904893875,24.436186157372084,0.95,288.225,26046,12425779,2.101066465051471
0.0005,1000,5000,10,40,0.10000000149011612,11/02/2021,13:30:56,1730,47545.27416801453,21.022162587109047,0.875,266.4,26125,12454367,2.061211307257434
0.0005,1000,5000,10,40,0.10000000149011612,11/02/2021,13:32:45,1735,47654.166779994965,26.893791826843824,1.0,299.075,26210,12483671,2.0218306426684367
0.0005,1000,5000,10,40,0.10000000149011612,11/02/2021,13:34:24,1740,47752.8566763401,20.96072779544714,0.875,250.2,26287,12513106,1.982078980668751
0.0005,1000,5000,10,40,0.10000000149011612,11/02/2021,13:36:11,1745,47860.291231155396,23.076637746122607,0.925,273.35,26369,12542654,1.9427529866083972
0.0005,1000,5000,10,40,0.10000000149011612,11/02/2021,13:37:52,1750,47961.593178510666,22.018881502041918,0.9,265.45,26447,12570947,1.9032378240615597
0.0005,1000,5000,10,40,0.10000000149011612,11/02/2021,13:39:45,1755,48074.36079239845,24.273477787394857,0.95,276.25,26525,12600887,1.8642320971815005
0.0005,1000,5000,10,40,0.10000000149011612,11/02/2021,13:41:32,1760,48181.426273822784,22.039203365921228,0.9,268.275,26596,12629892,1.8250540250268852
0.0005,1000,5000,10,40,0.10000000149011612,11/02/2021,13:43:17,1765,48286.38763141632,24.474392872693926,0.95,279.275,26676,12659752,1.7858516038486636
0.0005,1000,5000,10,40,0.10000000149011612,11/02/2021,13:45:05,1770,48394.1277616024,22.114483373853876,0.9,256.95,26761,12689267,1.746806243466118
0.0005,1000,5000,10,40,0.10000000149011612,11/02/2021,13:46:49,1775,48497.96113872528,22.043601999570292,0.9,281.35,26848,12718211,1.7076746876568116
0.0005,1000,5000,10,40,0.10000000149011612,11/02/2021,13:48:37,1780,48606.6863963604,25.56167308292642,0.975,294.225,26923,12747939,1.6687688829136844
0.0005,1000,5000,10,40,0.10000000149011612,11/02/2021,13:50:20,1785,48709.461028814316,25.6764062592144,0.975,276.275,27000,12777608,1.6297127481210736
0.0005,1000,5000,10,40,0.10000000149011612,11/02/2021,13:52:03,1790,48812.45214056969,24.486562552968234,0.95,281.85,27080,12806842,1.5907223689208332
0.0005,1000,5000,10,40,0.10000000149011612,11/02/2021,13:53:47,1795,48915.82372379303,23.297886636092777,0.925,266.7,27168,12836851,1.5518018972002958
0.0005,1000,5000,10,40,0.10000000149011612,11/02/2021,13:55:30,1800,49019.44918203354,23.21545586143423,0.925,273.0,27256,12866580,1.5129459620699466
0.0005,1000,5000,10,40,0.10000000149011612,11/02/2021,13:57:16,1805,49125.13795685768,20.76036336737443,0.875,257.025,27335,12895863,1.4742077408065497
0.0005,1000,5000,10,40,0.10000000149011612,11/02/2021,13:59:02,1810,49231.077776670456,21.9247118181406,0.9,264.375,27420,12924957,1.4355286641169207
0.0005,1000,5000,10,40,0.10000000149011612,11/02/2021,14:00:44,1815,49333.278140068054,24.41315260682229,0.95,277.925,27498,12953886,1.3967946819292876
0.0005,1000,5000,10,40,0.10000000149011612,11/02/2021,14:02:27,1820,49436.3352060318,24.46673078658514,0.95,275.95,27577,12982779,1.3581410766048168
0.0005,1000,5000,10,40,0.10000000149011612,11/02/2021,14:04:08,1825,49537.03636240959,23.330339226138666,0.925,265.9,27653,13011191,1.3194796591516327
0.0005,1000,5000,10,40,0.10000000149011612,11/02/2021,14:05:54,1830,49642.74435591698,21.975413845257396,0.9,268.375,27735,13039830,1.2810058497589993
0.0005,1000,5000,10,40,0.10000000149011612,11/02/2021,14:07:43,1835,49752.62004804611,24.520653261410526,0.95,272.2,27812,13069473,1.2426857864432652
0.0005,1000,5000,10,40,0.10000000149011612,11/02/2021,14:09:25,1840,49854.34192824364,19.88534849098469,0.85,249.325,27889,13097731,1.2042111571888987
0.0005,1000,5000,10,40,0.10000000149011612,11/02/2021,14:11:16,1845,49964.77484059334,23.306434271293547,0.925,276.4,27965,13127022,1.165995196971467
0.0005,1000,5000,10,40,0.10000000149011612,11/02/2021,14:13:02,1850,50071.374423503876,25.85109925239156,0.975,280.55,28047,13156509,1.1277336578576755
0.0005,1000,5000,10,40,0.10000000149011612,11/02/2021,14:14:52,1855,50181.13672232628,20.90592246929756,0.875,269.875,28120,13185447,1.0895874246420296
0.0005,1000,5000,10,40,0.10000000149011612,11/02/2021,14:16:40,1860,50289.50568771362,25.622295229810145,0.975,284.8,28201,13214921,1.0514532248029578
0.0005,1000,5000,10,40,0.10000000149011612,11/02/2021,14:18:27,1865,50396.32266163826,24.61690492250781,0.95,285.1,28280,13243901,1.0133308840596955
0.0005,1000,5000,10,40,0.10000000149011612,11/02/2021,14:20:23,1870,50512.33614253998,25.754610810583795,0.975,293.75,28359,13272765,0.9754313274685006
0.0005,1000,5000,10,40,0.10000000149011612,11/02/2021,14:22:08,1875,50617.029982089996,22.14084425029744,0.9,267.55,28440,13302073,0.9373524064090513
0.0005,1000,5000,10,40,0.10000000149011612,11/02/2021,14:23:58,1880,50727.50019264221,25.563807239242514,0.975,273.225,28519,13331604,0.8994237618440719
0.0005,1000,5000,10,40,0.10000000149011612,11/02/2021,14:25:47,1885,50835.88320231438,23.267329315663126,0.925,276.125,28599,13359651,0.8614981677059284
0.0005,1000,5000,10,40,0.10000000149011612,11/02/2021,14:27:32,1890,50941.16435980797,22.098923370892432,0.9,258.05,28685,13389684,0.8235637972783802
0.0005,1000,5000,10,40,0.10000000149011612,11/02/2021,14:29:19,1895,51047.86173701286,26.741255671191578,1.0,299.2,28761,13418037,0.7856970796895075
0.0005,1000,5000,10,40,0.10000000149011612,11/02/2021,14:31:06,1900,51155.21337389946,23.297333139257226,0.925,259.625,28845,13447743,0.7478832360213266
0.0005,1000,5000,10,40,0.10000000149011612,11/02/2021,14:32:59,1905,51268.443123579025,23.372622919380728,0.925,268.2,28928,13476244,0.7101927812195411
0.0005,1000,5000,10,40,0.10000000149011612,11/02/2021,14:34:49,1910,51378.283824920654,26.97581076266048,1.0,290.9,29015,13505806,0.6724906253769607
0.0005,1000,5000,10,40,0.10000000149011612,11/02/2021,14:36:35,1915,51484.1763446331,23.349304468869867,0.925,256.575,29099,13534432,0.6347773404338578
0.0005,1000,5000,10,40,0.10000000149011612,11/02/2021,14:38:20,1920,51589.66445636749,24.51345214990807,0.95,255.475,29187,13564538,0.5971025972371858
0.0005,1000,5000,10,40,0.10000000149011612,11/02/2021,14:40:04,1925,51692.92596626282,17.337404709611114,0.8,232.625,29267,13592440,0.5594472500806599
0.0005,1000,5000,10,40,0.10000000149011612,11/02/2021,14:41:45,1930,51793.759395599365,23.43923678950855,0.925,263.775,29348,13620989,0.5218139252778645
0.0005,1000,5000,10,40,0.10000000149011612,11/02/2021,14:43:21,1935,51889.84609079361,23.18154149170446,0.925,256.475,29436,13649602,0.4841860452192527
0.0005,1000,5000,10,40,0.10000000149011612,11/02/2021,14:45:01,1940,51990.27113413811,26.86379128491326,1.0,283.525,29522,13678018,0.4466518134609254
0.0005,1000,5000,10,40,0.10000000149011612,11/02/2021,14:46:44,1945,52093.65318131447,24.55023791694441,0.95,283.775,29609,13707131,0.40919036294436106
0.0005,1000,5000,10,40,0.10000000149011612,11/02/2021,14:48:30,1950,52199.197811603546,18.40663917466843,0.825,246.525,29692,13735469,0.3717891576249369
0.0005,1000,5000,10,40,0.10000000149011612,11/02/2021,14:50:24,1955,52313.18962979317,24.384426010605406,0.95,275.725,29771,13765104,0.3344833090741324
0.0005,1000,5000,10,40,0.10000000149011612,11/02/2021,14:52:09,1960,52418.25570559502,24.41765645561572,0.95,280.05,29850,13793567,0.29715564416784923
0.0005,1000,5000,10,40,0.10000000149011612,11/02/2021,14:53:46,1965,52515.69327259064,18.589017553545375,0.825,226.075,29934,13821847,0.25983167376513544
0.0005,1000,5000,10,40,0.10000000149011612,11/02/2021,14:55:29,1970,52618.38325381279,25.595945721111583,0.975,285.3,30018,13850177,0.22258199269900716
0.0005,1000,5000,10,40,0.10000000149011612,11/02/2021,14:57:14,1975,52723.059353113174,22.0154118341867,0.9,252.525,30101,13878463,0.18538347105436817
0.0005,1000,5000,10,40,0.10000000149011612,11/02/2021,14:58:49,1980,52818.415845394135,23.2753406466667,0.925,247.075,30187,13906651,0.1481998193377735
0.0005,1000,5000,10,40,0.10000000149011612,11/02/2021,15:00:38,1985,52927.312683820724,25.73915005095223,0.975,282.675,30276,13936184,0.11109847285568726
0.0005,1000,5000,10,40,0.10000000149011612,11/02/2021,15:02:24,1990,53033.139187812805,22.105512445181382,0.9,246.175,30365,13965363,0.07402727348321302
0.0005,1000,5000,10,40,0.10000000149011612,11/02/2021,15:03:58,1995,53127.435685396194,25.652941575342105,0.975,263.675,30451,13993535,0.0369865181296033
0.0005,1000,5000,10,40,0.10000000149011612,11/02/2021,15:05:48,2000,53237.66950750351,20.903918152994173,0.875,258.975,30538,14021424,-7.28501213921441e-10
